,,Mandatory,,,,,,,,,,,,,,,,,,,,,,,,,,,,,,,,,,,,,,,,,,,,,,,,,,,,,,,,,,,,,
,,Optional,,,,,,,,,,,,,,,,,,,,,,,,,,,,,,,,,,,,,,,,,,,,,,,,,,,,,,,,,,,,,
,,Conditional,,,,,,,,,,,,,,,,,,,,,,,,,,,,,,,,,,,,,,,,,,,,,,,,,,,,,,,,,,,,,
,,,Provide IRN value if already generated,Invoice Number and Date,,Supplier Details (not required if IRN is provided),,,,,,,Buyer Details (not required if IRN is provided),,,,,,,Transportation Details,,,,,,,,"Product Details, provide only if IRN is not applicable",,,,,,,,,,,,,,,,,,,"Customer Shipping Details, if different from Billing",,,,,,Seller Shipment Details / Dispatch From Details if different from Bill From,,,,,,,,,,
Supply Type,Sub SupplyType,Document Type,Invoice Reference No,Document Number,Document Date,Supplier GSTIN,Supplier Name,Supplier Address1,Supplier Address2,Supplier Place,Supplier Pincode,Supplier State,Customer Billing Name,Customer Billing GSTIN,Customer Billing Address 1,Customer Billing Address 2,Customer Billing City,Customer Billing State,Customer Billing Pincode,Distance Level (Km),Transportation Mode (Road/Rail/Air/Ship),Transporter ID,Transporter Name,Transportation Date,Transporter Doc No,Vehicle Number,Vehicle Type,Product Name,Item Description,HSN code,Item Quantity,Item Unit of Measurement,Taxable Value,CGST Rate,CGST Amount,SGST Rate,SGST Amount,IGST Rate,IGST Amount,CESS Rate,CESS Amount,CESS Non Advol Rate,CESS Non Advol Tax Amount,Other Value,Other Charges - TCS,Total Transaction Value,Customer Shipping Name,Customer Shipping Address 1,Customer Shipping Address 2,Customer Shipping City,Customer Shipping PinCode,Customer Shipping State Code,Supplier Dispatch Name,Supplier Dispatch Address 1,Supplier Dispatch Address 2,Supplier Dispatch Place,Supplier Dispatch PinCode,Supplier Dispatch State Code,My Branch,Replace E-way bill,Is this Supply to/from SEZ unit?,Eway Bill Transaction Type,Sub Type Description
Outward,Others,Challan,,SBDC290079,18/06/25,29AAWCS7485C1ZJ,SourcingBee Retail Pvt Ltd,"Survey.87/1,87/2,88/1,88/2,88/3,89/1,122, FC-Vikrant, Byranhalli,Village Kasaba, Hobli, Nelamangala",Karnataka,,562123,Karnataka,SourcingBee Retail Pvt Ltd,29AAWCS7485C1ZJ,"Survey No.73, 20000sq.ft, Harokyathanahalli, Dasanapura Hobli,, Bengaluru",Bengaluru,Bengaluru,Karnataka,562123,100,Road,,,,,KA01D5209,Regular,,,08011100,226,Units," 2,813.21 ", 2.50 , 70.34 , 2.50 , 70.34 ,,,0,0,,,,," 1,80,338.49 ",SourcingBee Retail Pvt Ltd,"Survey No.73, 20000sq.ft, Harokyathanahalli, Dasanapura Hobli,, Bengaluru",,Bengaluru,562123,29-Karnataka,SourcingBee Retail Pvt Ltd,"Survey.87/1,87/2,88/1,88/2,88/3,89/1,122, FC-Vikrant, Byranhalli,Village Kasaba, Hobli, Nelamangala",,,562123,29-Karnataka,,,,,Stock Transfer
Outward,Others,Challan,,SBDC290079,18/06/25,29AAWCS7485C1ZJ,SourcingBee Retail Pvt Ltd,"Survey.87/1,87/2,88/1,88/2,88/3,89/1,122, FC-Vikrant, Byranhalli,Village Kasaba, Hobli, Nelamangala",Karnataka,,562123,Karnataka,SourcingBee Retail Pvt Ltd,29AAWCS7485C1ZJ,"Survey No.73, 20000sq.ft, Harokyathanahalli, Dasanapura Hobli,, Bengaluru",Bengaluru,Bengaluru,Karnataka,562123,100,Road,,,,,KA01D5209,Regular,,,08013220,4,Units," 1,855.10 ", 2.50 , 46.38 , 2.50 , 46.38 ,,,0,0,,,,," 1,80,338.49 ",SourcingBee Retail Pvt Ltd,"Survey No.73, 20000sq.ft, Harokyathanahalli, Dasanapura Hobli,, Bengaluru",,Bengaluru,562123,29-Karnataka,SourcingBee Retail Pvt Ltd,"Survey.87/1,87/2,88/1,88/2,88/3,89/1,122, FC-Vikrant, Byranhalli,Village Kasaba, Hobli, Nelamangala",,,562123,29-Karnataka,,,,,Stock Transfer
Outward,Others,Challan,,SBDC290079,18/06/25,29AAWCS7485C1ZJ,SourcingBee Retail Pvt Ltd,"Survey.87/1,87/2,88/1,88/2,88/3,89/1,122, FC-Vikrant, Byranhalli,Village Kasaba, Hobli, Nelamangala",Karnataka,,562123,Karnataka,SourcingBee Retail Pvt Ltd,29AAWCS7485C1ZJ,"Survey No.73, 20000sq.ft, Harokyathanahalli, Dasanapura Hobli,, Bengaluru",Bengaluru,Bengaluru,Karnataka,562123,100,Road,,,,,KA01D5209,Regular,,,08021200,25,Units, 752.87 , 6.00 , 45.18 , 6.00 , 45.18 ,,,0,0,,,,," 1,80,338.49 ",SourcingBee Retail Pvt Ltd,"Survey No.73, 20000sq.ft, Harokyathanahalli, Dasanapura Hobli,, Bengaluru",,Bengaluru,562123,29-Karnataka,SourcingBee Retail Pvt Ltd,"Survey.87/1,87/2,88/1,88/2,88/3,89/1,122, FC-Vikrant, Byranhalli,Village Kasaba, Hobli, Nelamangala",,,562123,29-Karnataka,,,,,Stock Transfer
Outward,Others,Challan,,SBDC290079,18/06/25,29AAWCS7485C1ZJ,SourcingBee Retail Pvt Ltd,"Survey.87/1,87/2,88/1,88/2,88/3,89/1,122, FC-Vikrant, Byranhalli,Village Kasaba, Hobli, Nelamangala",Karnataka,,562123,Karnataka,SourcingBee Retail Pvt Ltd,29AAWCS7485C1ZJ,"Survey No.73, 20000sq.ft, Harokyathanahalli, Dasanapura Hobli,, Bengaluru",Bengaluru,Bengaluru,Karnataka,562123,100,Road,,,,,KA01D5209,Regular,,,08023200,1,Units, 223.24 , 2.50 , 5.58 , 2.50 , 5.58 ,,,0,0,,,,," 1,80,338.49 ",SourcingBee Retail Pvt Ltd,"Survey No.73, 20000sq.ft, Harokyathanahalli, Dasanapura Hobli,, Bengaluru",,Bengaluru,562123,29-Karnataka,SourcingBee Retail Pvt Ltd,"Survey.87/1,87/2,88/1,88/2,88/3,89/1,122, FC-Vikrant, Byranhalli,Village Kasaba, Hobli, Nelamangala",,,562123,29-Karnataka,,,,,Stock Transfer
Outward,Others,Challan,,SBDC290079,18/06/25,29AAWCS7485C1ZJ,SourcingBee Retail Pvt Ltd,"Survey.87/1,87/2,88/1,88/2,88/3,89/1,122, FC-Vikrant, Byranhalli,Village Kasaba, Hobli, Nelamangala",Karnataka,,562123,Karnataka,SourcingBee Retail Pvt Ltd,29AAWCS7485C1ZJ,"Survey No.73, 20000sq.ft, Harokyathanahalli, Dasanapura Hobli,, Bengaluru",Bengaluru,Bengaluru,Karnataka,562123,100,Road,,,,,KA01D5209,Regular,,,08025100,1,Units, 221.07 , 6.00 , 13.26 , 6.00 , 13.26 ,,,0,0,,,,," 1,80,338.49 ",SourcingBee Retail Pvt Ltd,"Survey No.73, 20000sq.ft, Harokyathanahalli, Dasanapura Hobli,, Bengaluru",,Bengaluru,562123,29-Karnataka,SourcingBee Retail Pvt Ltd,"Survey.87/1,87/2,88/1,88/2,88/3,89/1,122, FC-Vikrant, Byranhalli,Village Kasaba, Hobli, Nelamangala",,,562123,29-Karnataka,,,,,Stock Transfer
Outward,Others,Challan,,SBDC290079,18/06/25,29AAWCS7485C1ZJ,SourcingBee Retail Pvt Ltd,"Survey.87/1,87/2,88/1,88/2,88/3,89/1,122, FC-Vikrant, Byranhalli,Village Kasaba, Hobli, Nelamangala",Karnataka,,562123,Karnataka,SourcingBee Retail Pvt Ltd,29AAWCS7485C1ZJ,"Survey No.73, 20000sq.ft, Harokyathanahalli, Dasanapura Hobli,, Bengaluru",Bengaluru,Bengaluru,Karnataka,562123,100,Road,,,,,KA01D5209,Regular,,,08041020,10,Units, 886.14 , 6.00 , 53.18 , 6.00 , 53.18 ,,,0,0,,,,," 1,80,338.49 ",SourcingBee Retail Pvt Ltd,"Survey No.73, 20000sq.ft, Harokyathanahalli, Dasanapura Hobli,, Bengaluru",,Bengaluru,562123,29-Karnataka,SourcingBee Retail Pvt Ltd,"Survey.87/1,87/2,88/1,88/2,88/3,89/1,122, FC-Vikrant, Byranhalli,Village Kasaba, Hobli, Nelamangala",,,562123,29-Karnataka,,,,,Stock Transfer
Outward,Others,Challan,,SBDC290079,18/06/25,29AAWCS7485C1ZJ,SourcingBee Retail Pvt Ltd,"Survey.87/1,87/2,88/1,88/2,88/3,89/1,122, FC-Vikrant, Byranhalli,Village Kasaba, Hobli, Nelamangala",Karnataka,,562123,Karnataka,SourcingBee Retail Pvt Ltd,29AAWCS7485C1ZJ,"Survey No.73, 20000sq.ft, Harokyathanahalli, Dasanapura Hobli,, Bengaluru",Bengaluru,Bengaluru,Karnataka,562123,100,Road,,,,,KA01D5209,Regular,,,08041030,1,Units, 71.74 , 6.00 , 4.30 , 6.00 , 4.30 ,,,0,0,,,,," 1,80,338.49 ",SourcingBee Retail Pvt Ltd,"Survey No.73, 20000sq.ft, Harokyathanahalli, Dasanapura Hobli,, Bengaluru",,Bengaluru,562123,29-Karnataka,SourcingBee Retail Pvt Ltd,"Survey.87/1,87/2,88/1,88/2,88/3,89/1,122, FC-Vikrant, Byranhalli,Village Kasaba, Hobli, Nelamangala",,,562123,29-Karnataka,,,,,Stock Transfer
Outward,Others,Challan,,SBDC290079,18/06/25,29AAWCS7485C1ZJ,SourcingBee Retail Pvt Ltd,"Survey.87/1,87/2,88/1,88/2,88/3,89/1,122, FC-Vikrant, Byranhalli,Village Kasaba, Hobli, Nelamangala",Karnataka,,562123,Karnataka,SourcingBee Retail Pvt Ltd,29AAWCS7485C1ZJ,"Survey No.73, 20000sq.ft, Harokyathanahalli, Dasanapura Hobli,, Bengaluru",Bengaluru,Bengaluru,Karnataka,562123,100,Road,,,,,KA01D5209,Regular,,,08062010,30,Units, 210.00 , 2.50 , 5.25 , 2.50 , 5.25 ,,,0,0,,,,," 1,80,338.49 ",SourcingBee Retail Pvt Ltd,"Survey No.73, 20000sq.ft, Harokyathanahalli, Dasanapura Hobli,, Bengaluru",,Bengaluru,562123,29-Karnataka,SourcingBee Retail Pvt Ltd,"Survey.87/1,87/2,88/1,88/2,88/3,89/1,122, FC-Vikrant, Byranhalli,Village Kasaba, Hobli, Nelamangala",,,562123,29-Karnataka,,,,,Stock Transfer
Outward,Others,Challan,,SBDC290079,18/06/25,29AAWCS7485C1ZJ,SourcingBee Retail Pvt Ltd,"Survey.87/1,87/2,88/1,88/2,88/3,89/1,122, FC-Vikrant, Byranhalli,Village Kasaba, Hobli, Nelamangala",Karnataka,,562123,Karnataka,SourcingBee Retail Pvt Ltd,29AAWCS7485C1ZJ,"Survey No.73, 20000sq.ft, Harokyathanahalli, Dasanapura Hobli,, Bengaluru",Bengaluru,Bengaluru,Karnataka,562123,100,Road,,,,,KA01D5209,Regular,,,08134010,19,Units," 1,344.37 ", -   , -   , -   , -   ,,,0,0,,,,," 1,80,338.49 ",SourcingBee Retail Pvt Ltd,"Survey No.73, 20000sq.ft, Harokyathanahalli, Dasanapura Hobli,, Bengaluru",,Bengaluru,562123,29-Karnataka,SourcingBee Retail Pvt Ltd,"Survey.87/1,87/2,88/1,88/2,88/3,89/1,122, FC-Vikrant, Byranhalli,Village Kasaba, Hobli, Nelamangala",,,562123,29-Karnataka,,,,,Stock Transfer
Outward,Others,Challan,,SBDC290079,18/06/25,29AAWCS7485C1ZJ,SourcingBee Retail Pvt Ltd,"Survey.87/1,87/2,88/1,88/2,88/3,89/1,122, FC-Vikrant, Byranhalli,Village Kasaba, Hobli, Nelamangala",Karnataka,,562123,Karnataka,SourcingBee Retail Pvt Ltd,29AAWCS7485C1ZJ,"Survey No.73, 20000sq.ft, Harokyathanahalli, Dasanapura Hobli,, Bengaluru",Bengaluru,Bengaluru,Karnataka,562123,100,Road,,,,,KA01D5209,Regular,,,09041110,5,Units, 231.20 , 2.50 , 5.78 , 2.50 , 5.78 ,,,0,0,,,,," 1,80,338.49 ",SourcingBee Retail Pvt Ltd,"Survey No.73, 20000sq.ft, Harokyathanahalli, Dasanapura Hobli,, Bengaluru",,Bengaluru,562123,29-Karnataka,SourcingBee Retail Pvt Ltd,"Survey.87/1,87/2,88/1,88/2,88/3,89/1,122, FC-Vikrant, Byranhalli,Village Kasaba, Hobli, Nelamangala",,,562123,29-Karnataka,,,,,Stock Transfer
Outward,Others,Challan,,SBDC290079,18/06/25,29AAWCS7485C1ZJ,SourcingBee Retail Pvt Ltd,"Survey.87/1,87/2,88/1,88/2,88/3,89/1,122, FC-Vikrant, Byranhalli,Village Kasaba, Hobli, Nelamangala",Karnataka,,562123,Karnataka,SourcingBee Retail Pvt Ltd,29AAWCS7485C1ZJ,"Survey No.73, 20000sq.ft, Harokyathanahalli, Dasanapura Hobli,, Bengaluru",Bengaluru,Bengaluru,Karnataka,562123,100,Road,,,,,KA01D5209,Regular,,,09041130,10,Units," 1,872.80 ", 2.50 , 46.82 , 2.50 , 46.82 ,,,0,0,,,,," 1,80,338.49 ",SourcingBee Retail Pvt Ltd,"Survey No.73, 20000sq.ft, Harokyathanahalli, Dasanapura Hobli,, Bengaluru",,Bengaluru,562123,29-Karnataka,SourcingBee Retail Pvt Ltd,"Survey.87/1,87/2,88/1,88/2,88/3,89/1,122, FC-Vikrant, Byranhalli,Village Kasaba, Hobli, Nelamangala",,,562123,29-Karnataka,,,,,Stock Transfer
Outward,Others,Challan,,SBDC290079,18/06/25,29AAWCS7485C1ZJ,SourcingBee Retail Pvt Ltd,"Survey.87/1,87/2,88/1,88/2,88/3,89/1,122, FC-Vikrant, Byranhalli,Village Kasaba, Hobli, Nelamangala",Karnataka,,562123,Karnataka,SourcingBee Retail Pvt Ltd,29AAWCS7485C1ZJ,"Survey No.73, 20000sq.ft, Harokyathanahalli, Dasanapura Hobli,, Bengaluru",Bengaluru,Bengaluru,Karnataka,562123,100,Road,,,,,KA01D5209,Regular,,,09042110,2,Units, 40.55 , 2.50 , 1.01 , 2.50 , 1.01 ,,,0,0,,,,," 1,80,338.49 ",SourcingBee Retail Pvt Ltd,"Survey No.73, 20000sq.ft, Harokyathanahalli, Dasanapura Hobli,, Bengaluru",,Bengaluru,562123,29-Karnataka,SourcingBee Retail Pvt Ltd,"Survey.87/1,87/2,88/1,88/2,88/3,89/1,122, FC-Vikrant, Byranhalli,Village Kasaba, Hobli, Nelamangala",,,562123,29-Karnataka,,,,,Stock Transfer
Outward,Others,Challan,,SBDC290079,18/06/25,29AAWCS7485C1ZJ,SourcingBee Retail Pvt Ltd,"Survey.87/1,87/2,88/1,88/2,88/3,89/1,122, FC-Vikrant, Byranhalli,Village Kasaba, Hobli, Nelamangala",Karnataka,,562123,Karnataka,SourcingBee Retail Pvt Ltd,29AAWCS7485C1ZJ,"Survey No.73, 20000sq.ft, Harokyathanahalli, Dasanapura Hobli,, Bengaluru",Bengaluru,Bengaluru,Karnataka,562123,100,Road,,,,,KA01D5209,Regular,,,09042211,170,Units," 1,040.76 ", 2.50 , 26.02 , 2.50 , 26.02 ,,,0,0,,,,," 1,80,338.49 ",SourcingBee Retail Pvt Ltd,"Survey No.73, 20000sq.ft, Harokyathanahalli, Dasanapura Hobli,, Bengaluru",,Bengaluru,562123,29-Karnataka,SourcingBee Retail Pvt Ltd,"Survey.87/1,87/2,88/1,88/2,88/3,89/1,122, FC-Vikrant, Byranhalli,Village Kasaba, Hobli, Nelamangala",,,562123,29-Karnataka,,,,,Stock Transfer
Outward,Others,Challan,,SBDC290079,18/06/25,29AAWCS7485C1ZJ,SourcingBee Retail Pvt Ltd,"Survey.87/1,87/2,88/1,88/2,88/3,89/1,122, FC-Vikrant, Byranhalli,Village Kasaba, Hobli, Nelamangala",Karnataka,,562123,Karnataka,SourcingBee Retail Pvt Ltd,29AAWCS7485C1ZJ,"Survey No.73, 20000sq.ft, Harokyathanahalli, Dasanapura Hobli,, Bengaluru",Bengaluru,Bengaluru,Karnataka,562123,100,Road,,,,,KA01D5209,Regular,,,09061010,7,Units, 302.71 , 2.50 , 7.57 , 2.50 , 7.57 ,,,0,0,,,,," 1,80,338.49 ",SourcingBee Retail Pvt Ltd,"Survey No.73, 20000sq.ft, Harokyathanahalli, Dasanapura Hobli,, Bengaluru",,Bengaluru,562123,29-Karnataka,SourcingBee Retail Pvt Ltd,"Survey.87/1,87/2,88/1,88/2,88/3,89/1,122, FC-Vikrant, Byranhalli,Village Kasaba, Hobli, Nelamangala",,,562123,29-Karnataka,,,,,Stock Transfer
Outward,Others,Challan,,SBDC290079,18/06/25,29AAWCS7485C1ZJ,SourcingBee Retail Pvt Ltd,"Survey.87/1,87/2,88/1,88/2,88/3,89/1,122, FC-Vikrant, Byranhalli,Village Kasaba, Hobli, Nelamangala",Karnataka,,562123,Karnataka,SourcingBee Retail Pvt Ltd,29AAWCS7485C1ZJ,"Survey No.73, 20000sq.ft, Harokyathanahalli, Dasanapura Hobli,, Bengaluru",Bengaluru,Bengaluru,Karnataka,562123,100,Road,,,,,KA01D5209,Regular,,,09061110,40,Units, 229.71 , 2.50 , 5.74 , 2.50 , 5.74 ,,,0,0,,,,," 1,80,338.49 ",SourcingBee Retail Pvt Ltd,"Survey No.73, 20000sq.ft, Harokyathanahalli, Dasanapura Hobli,, Bengaluru",,Bengaluru,562123,29-Karnataka,SourcingBee Retail Pvt Ltd,"Survey.87/1,87/2,88/1,88/2,88/3,89/1,122, FC-Vikrant, Byranhalli,Village Kasaba, Hobli, Nelamangala",,,562123,29-Karnataka,,,,,Stock Transfer
Outward,Others,Challan,,SBDC290079,18/06/25,29AAWCS7485C1ZJ,SourcingBee Retail Pvt Ltd,"Survey.87/1,87/2,88/1,88/2,88/3,89/1,122, FC-Vikrant, Byranhalli,Village Kasaba, Hobli, Nelamangala",Karnataka,,562123,Karnataka,SourcingBee Retail Pvt Ltd,29AAWCS7485C1ZJ,"Survey No.73, 20000sq.ft, Harokyathanahalli, Dasanapura Hobli,, Bengaluru",Bengaluru,Bengaluru,Karnataka,562123,100,Road,,,,,KA01D5209,Regular,,,09071010,80,Units," 1,433.53 ", 2.50 , 35.83 , 2.50 , 35.83 ,,,0,0,,,,," 1,80,338.49 ",SourcingBee Retail Pvt Ltd,"Survey No.73, 20000sq.ft, Harokyathanahalli, Dasanapura Hobli,, Bengaluru",,Bengaluru,562123,29-Karnataka,SourcingBee Retail Pvt Ltd,"Survey.87/1,87/2,88/1,88/2,88/3,89/1,122, FC-Vikrant, Byranhalli,Village Kasaba, Hobli, Nelamangala",,,562123,29-Karnataka,,,,,Stock Transfer
Outward,Others,Challan,,SBDC290079,18/06/25,29AAWCS7485C1ZJ,SourcingBee Retail Pvt Ltd,"Survey.87/1,87/2,88/1,88/2,88/3,89/1,122, FC-Vikrant, Byranhalli,Village Kasaba, Hobli, Nelamangala",Karnataka,,562123,Karnataka,SourcingBee Retail Pvt Ltd,29AAWCS7485C1ZJ,"Survey No.73, 20000sq.ft, Harokyathanahalli, Dasanapura Hobli,, Bengaluru",Bengaluru,Bengaluru,Karnataka,562123,100,Road,,,,,KA01D5209,Regular,,,09071020,40,Units, 238.10 , 2.50 , 5.95 , 2.50 , 5.95 ,,,0,0,,,,," 1,80,338.49 ",SourcingBee Retail Pvt Ltd,"Survey No.73, 20000sq.ft, Harokyathanahalli, Dasanapura Hobli,, Bengaluru",,Bengaluru,562123,29-Karnataka,SourcingBee Retail Pvt Ltd,"Survey.87/1,87/2,88/1,88/2,88/3,89/1,122, FC-Vikrant, Byranhalli,Village Kasaba, Hobli, Nelamangala",,,562123,29-Karnataka,,,,,Stock Transfer
Outward,Others,Challan,,SBDC290079,18/06/25,29AAWCS7485C1ZJ,SourcingBee Retail Pvt Ltd,"Survey.87/1,87/2,88/1,88/2,88/3,89/1,122, FC-Vikrant, Byranhalli,Village Kasaba, Hobli, Nelamangala",Karnataka,,562123,Karnataka,SourcingBee Retail Pvt Ltd,29AAWCS7485C1ZJ,"Survey No.73, 20000sq.ft, Harokyathanahalli, Dasanapura Hobli,, Bengaluru",Bengaluru,Bengaluru,Karnataka,562123,100,Road,,,,,KA01D5209,Regular,,,09081110,1,Units, 141.77 , 2.50 , 3.54 , 2.50 , 3.54 ,,,0,0,,,,," 1,80,338.49 ",SourcingBee Retail Pvt Ltd,"Survey No.73, 20000sq.ft, Harokyathanahalli, Dasanapura Hobli,, Bengaluru",,Bengaluru,562123,29-Karnataka,SourcingBee Retail Pvt Ltd,"Survey.87/1,87/2,88/1,88/2,88/3,89/1,122, FC-Vikrant, Byranhalli,Village Kasaba, Hobli, Nelamangala",,,562123,29-Karnataka,,,,,Stock Transfer
Outward,Others,Challan,,SBDC290079,18/06/25,29AAWCS7485C1ZJ,SourcingBee Retail Pvt Ltd,"Survey.87/1,87/2,88/1,88/2,88/3,89/1,122, FC-Vikrant, Byranhalli,Village Kasaba, Hobli, Nelamangala",Karnataka,,562123,Karnataka,SourcingBee Retail Pvt Ltd,29AAWCS7485C1ZJ,"Survey No.73, 20000sq.ft, Harokyathanahalli, Dasanapura Hobli,, Bengaluru",Bengaluru,Bengaluru,Karnataka,562123,100,Road,,,,,KA01D5209,Regular,,,09082200,14,Units, 485.71 , 2.50 , 12.14 , 2.50 , 12.14 ,,,0,0,,,,," 1,80,338.49 ",SourcingBee Retail Pvt Ltd,"Survey No.73, 20000sq.ft, Harokyathanahalli, Dasanapura Hobli,, Bengaluru",,Bengaluru,562123,29-Karnataka,SourcingBee Retail Pvt Ltd,"Survey.87/1,87/2,88/1,88/2,88/3,89/1,122, FC-Vikrant, Byranhalli,Village Kasaba, Hobli, Nelamangala",,,562123,29-Karnataka,,,,,Stock Transfer
Outward,Others,Challan,,SBDC290079,18/06/25,29AAWCS7485C1ZJ,SourcingBee Retail Pvt Ltd,"Survey.87/1,87/2,88/1,88/2,88/3,89/1,122, FC-Vikrant, Byranhalli,Village Kasaba, Hobli, Nelamangala",Karnataka,,562123,Karnataka,SourcingBee Retail Pvt Ltd,29AAWCS7485C1ZJ,"Survey No.73, 20000sq.ft, Harokyathanahalli, Dasanapura Hobli,, Bengaluru",Bengaluru,Bengaluru,Karnataka,562123,100,Road,,,,,KA01D5209,Regular,,,09083140,120,Units, 765.71 , 2.50 , 19.14 , 2.50 , 19.14 ,,,0,0,,,,," 1,80,338.49 ",SourcingBee Retail Pvt Ltd,"Survey No.73, 20000sq.ft, Harokyathanahalli, Dasanapura Hobli,, Bengaluru",,Bengaluru,562123,29-Karnataka,SourcingBee Retail Pvt Ltd,"Survey.87/1,87/2,88/1,88/2,88/3,89/1,122, FC-Vikrant, Byranhalli,Village Kasaba, Hobli, Nelamangala",,,562123,29-Karnataka,,,,,Stock Transfer
Outward,Others,Challan,,SBDC290079,18/06/25,29AAWCS7485C1ZJ,SourcingBee Retail Pvt Ltd,"Survey.87/1,87/2,88/1,88/2,88/3,89/1,122, FC-Vikrant, Byranhalli,Village Kasaba, Hobli, Nelamangala",Karnataka,,562123,Karnataka,SourcingBee Retail Pvt Ltd,29AAWCS7485C1ZJ,"Survey No.73, 20000sq.ft, Harokyathanahalli, Dasanapura Hobli,, Bengaluru",Bengaluru,Bengaluru,Karnataka,562123,100,Road,,,,,KA01D5209,Regular,,,09092110,66,Units, 660.48 , 2.50 , 16.52 , 2.50 , 16.52 ,,,0,0,,,,," 1,80,338.49 ",SourcingBee Retail Pvt Ltd,"Survey No.73, 20000sq.ft, Harokyathanahalli, Dasanapura Hobli,, Bengaluru",,Bengaluru,562123,29-Karnataka,SourcingBee Retail Pvt Ltd,"Survey.87/1,87/2,88/1,88/2,88/3,89/1,122, FC-Vikrant, Byranhalli,Village Kasaba, Hobli, Nelamangala",,,562123,29-Karnataka,,,,,Stock Transfer
Outward,Others,Challan,,SBDC290079,18/06/25,29AAWCS7485C1ZJ,SourcingBee Retail Pvt Ltd,"Survey.87/1,87/2,88/1,88/2,88/3,89/1,122, FC-Vikrant, Byranhalli,Village Kasaba, Hobli, Nelamangala",Karnataka,,562123,Karnataka,SourcingBee Retail Pvt Ltd,29AAWCS7485C1ZJ,"Survey No.73, 20000sq.ft, Harokyathanahalli, Dasanapura Hobli,, Bengaluru",Bengaluru,Bengaluru,Karnataka,562123,100,Road,,,,,KA01D5209,Regular,,,09092190,80,Units, 505.43 , 2.50 , 12.64 , 2.50 , 12.64 ,,,0,0,,,,," 1,80,338.49 ",SourcingBee Retail Pvt Ltd,"Survey No.73, 20000sq.ft, Harokyathanahalli, Dasanapura Hobli,, Bengaluru",,Bengaluru,562123,29-Karnataka,SourcingBee Retail Pvt Ltd,"Survey.87/1,87/2,88/1,88/2,88/3,89/1,122, FC-Vikrant, Byranhalli,Village Kasaba, Hobli, Nelamangala",,,562123,29-Karnataka,,,,,Stock Transfer
Outward,Others,Challan,,SBDC290079,18/06/25,29AAWCS7485C1ZJ,SourcingBee Retail Pvt Ltd,"Survey.87/1,87/2,88/1,88/2,88/3,89/1,122, FC-Vikrant, Byranhalli,Village Kasaba, Hobli, Nelamangala",Karnataka,,562123,Karnataka,SourcingBee Retail Pvt Ltd,29AAWCS7485C1ZJ,"Survey No.73, 20000sq.ft, Harokyathanahalli, Dasanapura Hobli,, Bengaluru",Bengaluru,Bengaluru,Karnataka,562123,100,Road,,,,,KA01D5209,Regular,,,09093111,20,Units, 424.57 , 2.50 , 10.62 , 2.50 , 10.62 ,,,0,0,,,,," 1,80,338.49 ",SourcingBee Retail Pvt Ltd,"Survey No.73, 20000sq.ft, Harokyathanahalli, Dasanapura Hobli,, Bengaluru",,Bengaluru,562123,29-Karnataka,SourcingBee Retail Pvt Ltd,"Survey.87/1,87/2,88/1,88/2,88/3,89/1,122, FC-Vikrant, Byranhalli,Village Kasaba, Hobli, Nelamangala",,,562123,29-Karnataka,,,,,Stock Transfer
Outward,Others,Challan,,SBDC290079,18/06/25,29AAWCS7485C1ZJ,SourcingBee Retail Pvt Ltd,"Survey.87/1,87/2,88/1,88/2,88/3,89/1,122, FC-Vikrant, Byranhalli,Village Kasaba, Hobli, Nelamangala",Karnataka,,562123,Karnataka,SourcingBee Retail Pvt Ltd,29AAWCS7485C1ZJ,"Survey No.73, 20000sq.ft, Harokyathanahalli, Dasanapura Hobli,, Bengaluru",Bengaluru,Bengaluru,Karnataka,562123,100,Road,,,,,KA01D5209,Regular,,,09093129,64,Units," 1,856.51 ", 2.50 , 46.41 , 2.50 , 46.41 ,,,0,0,,,,," 1,80,338.49 ",SourcingBee Retail Pvt Ltd,"Survey No.73, 20000sq.ft, Harokyathanahalli, Dasanapura Hobli,, Bengaluru",,Bengaluru,562123,29-Karnataka,SourcingBee Retail Pvt Ltd,"Survey.87/1,87/2,88/1,88/2,88/3,89/1,122, FC-Vikrant, Byranhalli,Village Kasaba, Hobli, Nelamangala",,,562123,29-Karnataka,,,,,Stock Transfer
Outward,Others,Challan,,SBDC290079,18/06/25,29AAWCS7485C1ZJ,SourcingBee Retail Pvt Ltd,"Survey.87/1,87/2,88/1,88/2,88/3,89/1,122, FC-Vikrant, Byranhalli,Village Kasaba, Hobli, Nelamangala",Karnataka,,562123,Karnataka,SourcingBee Retail Pvt Ltd,29AAWCS7485C1ZJ,"Survey No.73, 20000sq.ft, Harokyathanahalli, Dasanapura Hobli,, Bengaluru",Bengaluru,Bengaluru,Karnataka,562123,100,Road,,,,,KA01D5209,Regular,,,09096111,14,Units, 813.14 , 2.50 , 20.33 , 2.50 , 20.33 ,,,0,0,,,,," 1,80,338.49 ",SourcingBee Retail Pvt Ltd,"Survey No.73, 20000sq.ft, Harokyathanahalli, Dasanapura Hobli,, Bengaluru",,Bengaluru,562123,29-Karnataka,SourcingBee Retail Pvt Ltd,"Survey.87/1,87/2,88/1,88/2,88/3,89/1,122, FC-Vikrant, Byranhalli,Village Kasaba, Hobli, Nelamangala",,,562123,29-Karnataka,,,,,Stock Transfer
Outward,Others,Challan,,SBDC290079,18/06/25,29AAWCS7485C1ZJ,SourcingBee Retail Pvt Ltd,"Survey.87/1,87/2,88/1,88/2,88/3,89/1,122, FC-Vikrant, Byranhalli,Village Kasaba, Hobli, Nelamangala",Karnataka,,562123,Karnataka,SourcingBee Retail Pvt Ltd,29AAWCS7485C1ZJ,"Survey No.73, 20000sq.ft, Harokyathanahalli, Dasanapura Hobli,, Bengaluru",Bengaluru,Bengaluru,Karnataka,562123,100,Road,,,,,KA01D5209,Regular,,,09096139,3,Units, 354.39 , 2.50 , 8.86 , 2.50 , 8.86 ,,,0,0,,,,," 1,80,338.49 ",SourcingBee Retail Pvt Ltd,"Survey No.73, 20000sq.ft, Harokyathanahalli, Dasanapura Hobli,, Bengaluru",,Bengaluru,562123,29-Karnataka,SourcingBee Retail Pvt Ltd,"Survey.87/1,87/2,88/1,88/2,88/3,89/1,122, FC-Vikrant, Byranhalli,Village Kasaba, Hobli, Nelamangala",,,562123,29-Karnataka,,,,,Stock Transfer
Outward,Others,Challan,,SBDC290079,18/06/25,29AAWCS7485C1ZJ,SourcingBee Retail Pvt Ltd,"Survey.87/1,87/2,88/1,88/2,88/3,89/1,122, FC-Vikrant, Byranhalli,Village Kasaba, Hobli, Nelamangala",Karnataka,,562123,Karnataka,SourcingBee Retail Pvt Ltd,29AAWCS7485C1ZJ,"Survey No.73, 20000sq.ft, Harokyathanahalli, Dasanapura Hobli,, Bengaluru",Bengaluru,Bengaluru,Karnataka,562123,100,Road,,,,,KA01D5209,Regular,,,09103020,468,Units," 3,909.03 ", 2.50 , 97.72 , 2.50 , 97.72 ,,,0,0,,,,," 1,80,338.49 ",SourcingBee Retail Pvt Ltd,"Survey No.73, 20000sq.ft, Harokyathanahalli, Dasanapura Hobli,, Bengaluru",,Bengaluru,562123,29-Karnataka,SourcingBee Retail Pvt Ltd,"Survey.87/1,87/2,88/1,88/2,88/3,89/1,122, FC-Vikrant, Byranhalli,Village Kasaba, Hobli, Nelamangala",,,562123,29-Karnataka,,,,,Stock Transfer
Outward,Others,Challan,,SBDC290079,18/06/25,29AAWCS7485C1ZJ,SourcingBee Retail Pvt Ltd,"Survey.87/1,87/2,88/1,88/2,88/3,89/1,122, FC-Vikrant, Byranhalli,Village Kasaba, Hobli, Nelamangala",Karnataka,,562123,Karnataka,SourcingBee Retail Pvt Ltd,29AAWCS7485C1ZJ,"Survey No.73, 20000sq.ft, Harokyathanahalli, Dasanapura Hobli,, Bengaluru",Bengaluru,Bengaluru,Karnataka,562123,100,Road,,,,,KA01D5209,Regular,,,09103030,70,Units, 577.72 , 2.50 , 14.45 , 2.50 , 14.45 ,,,0,0,,,,," 1,80,338.49 ",SourcingBee Retail Pvt Ltd,"Survey No.73, 20000sq.ft, Harokyathanahalli, Dasanapura Hobli,, Bengaluru",,Bengaluru,562123,29-Karnataka,SourcingBee Retail Pvt Ltd,"Survey.87/1,87/2,88/1,88/2,88/3,89/1,122, FC-Vikrant, Byranhalli,Village Kasaba, Hobli, Nelamangala",,,562123,29-Karnataka,,,,,Stock Transfer
Outward,Others,Challan,,SBDC290079,18/06/25,29AAWCS7485C1ZJ,SourcingBee Retail Pvt Ltd,"Survey.87/1,87/2,88/1,88/2,88/3,89/1,122, FC-Vikrant, Byranhalli,Village Kasaba, Hobli, Nelamangala",Karnataka,,562123,Karnataka,SourcingBee Retail Pvt Ltd,29AAWCS7485C1ZJ,"Survey No.73, 20000sq.ft, Harokyathanahalli, Dasanapura Hobli,, Bengaluru",Bengaluru,Bengaluru,Karnataka,562123,100,Road,,,,,KA01D5209,Regular,,,09104010,1,Units, 141.30 , 2.50 , 3.53 , 2.50 , 3.53 ,,,0,0,,,,," 1,80,338.49 ",SourcingBee Retail Pvt Ltd,"Survey No.73, 20000sq.ft, Harokyathanahalli, Dasanapura Hobli,, Bengaluru",,Bengaluru,562123,29-Karnataka,SourcingBee Retail Pvt Ltd,"Survey.87/1,87/2,88/1,88/2,88/3,89/1,122, FC-Vikrant, Byranhalli,Village Kasaba, Hobli, Nelamangala",,,562123,29-Karnataka,,,,,Stock Transfer
Outward,Others,Challan,,SBDC290079,18/06/25,29AAWCS7485C1ZJ,SourcingBee Retail Pvt Ltd,"Survey.87/1,87/2,88/1,88/2,88/3,89/1,122, FC-Vikrant, Byranhalli,Village Kasaba, Hobli, Nelamangala",Karnataka,,562123,Karnataka,SourcingBee Retail Pvt Ltd,29AAWCS7485C1ZJ,"Survey No.73, 20000sq.ft, Harokyathanahalli, Dasanapura Hobli,, Bengaluru",Bengaluru,Bengaluru,Karnataka,562123,100,Road,,,,,KA01D5209,Regular,,,09104030,10,Units, 73.52 , 2.50 , 1.84 , 2.50 , 1.84 ,,,0,0,,,,," 1,80,338.49 ",SourcingBee Retail Pvt Ltd,"Survey No.73, 20000sq.ft, Harokyathanahalli, Dasanapura Hobli,, Bengaluru",,Bengaluru,562123,29-Karnataka,SourcingBee Retail Pvt Ltd,"Survey.87/1,87/2,88/1,88/2,88/3,89/1,122, FC-Vikrant, Byranhalli,Village Kasaba, Hobli, Nelamangala",,,562123,29-Karnataka,,,,,Stock Transfer
Outward,Others,Challan,,SBDC290079,18/06/25,29AAWCS7485C1ZJ,SourcingBee Retail Pvt Ltd,"Survey.87/1,87/2,88/1,88/2,88/3,89/1,122, FC-Vikrant, Byranhalli,Village Kasaba, Hobli, Nelamangala",Karnataka,,562123,Karnataka,SourcingBee Retail Pvt Ltd,29AAWCS7485C1ZJ,"Survey No.73, 20000sq.ft, Harokyathanahalli, Dasanapura Hobli,, Bengaluru",Bengaluru,Bengaluru,Karnataka,562123,100,Road,,,,,KA01D5209,Regular,,,09109100,266,Units," 2,362.99 ", 2.50 , 59.08 , 2.50 , 59.08 ,,,0,0,,,,," 1,80,338.49 ",SourcingBee Retail Pvt Ltd,"Survey No.73, 20000sq.ft, Harokyathanahalli, Dasanapura Hobli,, Bengaluru",,Bengaluru,562123,29-Karnataka,SourcingBee Retail Pvt Ltd,"Survey.87/1,87/2,88/1,88/2,88/3,89/1,122, FC-Vikrant, Byranhalli,Village Kasaba, Hobli, Nelamangala",,,562123,29-Karnataka,,,,,Stock Transfer
Outward,Others,Challan,,SBDC290079,18/06/25,29AAWCS7485C1ZJ,SourcingBee Retail Pvt Ltd,"Survey.87/1,87/2,88/1,88/2,88/3,89/1,122, FC-Vikrant, Byranhalli,Village Kasaba, Hobli, Nelamangala",Karnataka,,562123,Karnataka,SourcingBee Retail Pvt Ltd,29AAWCS7485C1ZJ,"Survey No.73, 20000sq.ft, Harokyathanahalli, Dasanapura Hobli,, Bengaluru",Bengaluru,Bengaluru,Karnataka,562123,100,Road,,,,,KA01D5209,Regular,,,09109911,3,Units," 2,795.11 ", 2.50 , 69.87 , 2.50 , 69.87 ,,,0,0,,,,," 1,80,338.49 ",SourcingBee Retail Pvt Ltd,"Survey No.73, 20000sq.ft, Harokyathanahalli, Dasanapura Hobli,, Bengaluru",,Bengaluru,562123,29-Karnataka,SourcingBee Retail Pvt Ltd,"Survey.87/1,87/2,88/1,88/2,88/3,89/1,122, FC-Vikrant, Byranhalli,Village Kasaba, Hobli, Nelamangala",,,562123,29-Karnataka,,,,,Stock Transfer
Outward,Others,Challan,,SBDC290079,18/06/25,29AAWCS7485C1ZJ,SourcingBee Retail Pvt Ltd,"Survey.87/1,87/2,88/1,88/2,88/3,89/1,122, FC-Vikrant, Byranhalli,Village Kasaba, Hobli, Nelamangala",Karnataka,,562123,Karnataka,SourcingBee Retail Pvt Ltd,29AAWCS7485C1ZJ,"Survey No.73, 20000sq.ft, Harokyathanahalli, Dasanapura Hobli,, Bengaluru",Bengaluru,Bengaluru,Karnataka,562123,100,Road,,,,,KA01D5209,Regular,,,09109912,16,Units, 119.02 , 2.50 , 2.97 , 2.50 , 2.97 ,,,0,0,,,,," 1,80,338.49 ",SourcingBee Retail Pvt Ltd,"Survey No.73, 20000sq.ft, Harokyathanahalli, Dasanapura Hobli,, Bengaluru",,Bengaluru,562123,29-Karnataka,SourcingBee Retail Pvt Ltd,"Survey.87/1,87/2,88/1,88/2,88/3,89/1,122, FC-Vikrant, Byranhalli,Village Kasaba, Hobli, Nelamangala",,,562123,29-Karnataka,,,,,Stock Transfer
Outward,Others,Challan,,SBDC290079,18/06/25,29AAWCS7485C1ZJ,SourcingBee Retail Pvt Ltd,"Survey.87/1,87/2,88/1,88/2,88/3,89/1,122, FC-Vikrant, Byranhalli,Village Kasaba, Hobli, Nelamangala",Karnataka,,562123,Karnataka,SourcingBee Retail Pvt Ltd,29AAWCS7485C1ZJ,"Survey No.73, 20000sq.ft, Harokyathanahalli, Dasanapura Hobli,, Bengaluru",Bengaluru,Bengaluru,Karnataka,562123,100,Road,,,,,KA01D5209,Regular,,,09109914,4,Units, 75.58 , 2.50 , 1.89 , 2.50 , 1.89 ,,,0,0,,,,," 1,80,338.49 ",SourcingBee Retail Pvt Ltd,"Survey No.73, 20000sq.ft, Harokyathanahalli, Dasanapura Hobli,, Bengaluru",,Bengaluru,562123,29-Karnataka,SourcingBee Retail Pvt Ltd,"Survey.87/1,87/2,88/1,88/2,88/3,89/1,122, FC-Vikrant, Byranhalli,Village Kasaba, Hobli, Nelamangala",,,562123,29-Karnataka,,,,,Stock Transfer
Outward,Others,Challan,,SBDC290079,18/06/25,29AAWCS7485C1ZJ,SourcingBee Retail Pvt Ltd,"Survey.87/1,87/2,88/1,88/2,88/3,89/1,122, FC-Vikrant, Byranhalli,Village Kasaba, Hobli, Nelamangala",Karnataka,,562123,Karnataka,SourcingBee Retail Pvt Ltd,29AAWCS7485C1ZJ,"Survey No.73, 20000sq.ft, Harokyathanahalli, Dasanapura Hobli,, Bengaluru",Bengaluru,Bengaluru,Karnataka,562123,100,Road,,,,,KA01D5209,Regular,,,09109919,33,Units, 258.54 , 2.50 , 6.46 , 2.50 , 6.46 ,,,0,0,,,,," 1,80,338.49 ",SourcingBee Retail Pvt Ltd,"Survey No.73, 20000sq.ft, Harokyathanahalli, Dasanapura Hobli,, Bengaluru",,Bengaluru,562123,29-Karnataka,SourcingBee Retail Pvt Ltd,"Survey.87/1,87/2,88/1,88/2,88/3,89/1,122, FC-Vikrant, Byranhalli,Village Kasaba, Hobli, Nelamangala",,,562123,29-Karnataka,,,,,Stock Transfer
Outward,Others,Challan,,SBDC290079,18/06/25,29AAWCS7485C1ZJ,SourcingBee Retail Pvt Ltd,"Survey.87/1,87/2,88/1,88/2,88/3,89/1,122, FC-Vikrant, Byranhalli,Village Kasaba, Hobli, Nelamangala",Karnataka,,562123,Karnataka,SourcingBee Retail Pvt Ltd,29AAWCS7485C1ZJ,"Survey No.73, 20000sq.ft, Harokyathanahalli, Dasanapura Hobli,, Bengaluru",Bengaluru,Bengaluru,Karnataka,562123,100,Road,,,,,KA01D5209,Regular,,,09109990,10,Units, 122.57 , 2.50 , 3.06 , 2.50 , 3.06 ,,,0,0,,,,," 1,80,338.49 ",SourcingBee Retail Pvt Ltd,"Survey No.73, 20000sq.ft, Harokyathanahalli, Dasanapura Hobli,, Bengaluru",,Bengaluru,562123,29-Karnataka,SourcingBee Retail Pvt Ltd,"Survey.87/1,87/2,88/1,88/2,88/3,89/1,122, FC-Vikrant, Byranhalli,Village Kasaba, Hobli, Nelamangala",,,562123,29-Karnataka,,,,,Stock Transfer
Outward,Others,Challan,,SBDC290079,18/06/25,29AAWCS7485C1ZJ,SourcingBee Retail Pvt Ltd,"Survey.87/1,87/2,88/1,88/2,88/3,89/1,122, FC-Vikrant, Byranhalli,Village Kasaba, Hobli, Nelamangala",Karnataka,,562123,Karnataka,SourcingBee Retail Pvt Ltd,29AAWCS7485C1ZJ,"Survey No.73, 20000sq.ft, Harokyathanahalli, Dasanapura Hobli,, Bengaluru",Bengaluru,Bengaluru,Karnataka,562123,100,Road,,,,,KA01D5209,Regular,,,10061090,10,Units, 310.71 , 2.50 , 7.77 , 2.50 , 7.77 ,,,0,0,,,,," 1,80,338.49 ",SourcingBee Retail Pvt Ltd,"Survey No.73, 20000sq.ft, Harokyathanahalli, Dasanapura Hobli,, Bengaluru",,Bengaluru,562123,29-Karnataka,SourcingBee Retail Pvt Ltd,"Survey.87/1,87/2,88/1,88/2,88/3,89/1,122, FC-Vikrant, Byranhalli,Village Kasaba, Hobli, Nelamangala",,,562123,29-Karnataka,,,,,Stock Transfer
Outward,Others,Challan,,SBDC290079,18/06/25,29AAWCS7485C1ZJ,SourcingBee Retail Pvt Ltd,"Survey.87/1,87/2,88/1,88/2,88/3,89/1,122, FC-Vikrant, Byranhalli,Village Kasaba, Hobli, Nelamangala",Karnataka,,562123,Karnataka,SourcingBee Retail Pvt Ltd,29AAWCS7485C1ZJ,"Survey No.73, 20000sq.ft, Harokyathanahalli, Dasanapura Hobli,, Bengaluru",Bengaluru,Bengaluru,Karnataka,562123,100,Road,,,,,KA01D5209,Regular,,,10063090,20,Units, 836.00 , 2.50 , 20.90 , 2.50 , 20.90 ,,,0,0,,,,," 1,80,338.49 ",SourcingBee Retail Pvt Ltd,"Survey No.73, 20000sq.ft, Harokyathanahalli, Dasanapura Hobli,, Bengaluru",,Bengaluru,562123,29-Karnataka,SourcingBee Retail Pvt Ltd,"Survey.87/1,87/2,88/1,88/2,88/3,89/1,122, FC-Vikrant, Byranhalli,Village Kasaba, Hobli, Nelamangala",,,562123,29-Karnataka,,,,,Stock Transfer
Outward,Others,Challan,,SBDC290079,18/06/25,29AAWCS7485C1ZJ,SourcingBee Retail Pvt Ltd,"Survey.87/1,87/2,88/1,88/2,88/3,89/1,122, FC-Vikrant, Byranhalli,Village Kasaba, Hobli, Nelamangala",Karnataka,,562123,Karnataka,SourcingBee Retail Pvt Ltd,29AAWCS7485C1ZJ,"Survey No.73, 20000sq.ft, Harokyathanahalli, Dasanapura Hobli,, Bengaluru",Bengaluru,Bengaluru,Karnataka,562123,100,Road,,,,,KA01D5209,Regular,,,10082130,19,Units, 997.56 , 2.50 , 24.93 , 2.50 , 24.93 ,,,0,0,,,,," 1,80,338.49 ",SourcingBee Retail Pvt Ltd,"Survey No.73, 20000sq.ft, Harokyathanahalli, Dasanapura Hobli,, Bengaluru",,Bengaluru,562123,29-Karnataka,SourcingBee Retail Pvt Ltd,"Survey.87/1,87/2,88/1,88/2,88/3,89/1,122, FC-Vikrant, Byranhalli,Village Kasaba, Hobli, Nelamangala",,,562123,29-Karnataka,,,,,Stock Transfer
Outward,Others,Challan,,SBDC290079,18/06/25,29AAWCS7485C1ZJ,SourcingBee Retail Pvt Ltd,"Survey.87/1,87/2,88/1,88/2,88/3,89/1,122, FC-Vikrant, Byranhalli,Village Kasaba, Hobli, Nelamangala",Karnataka,,562123,Karnataka,SourcingBee Retail Pvt Ltd,29AAWCS7485C1ZJ,"Survey No.73, 20000sq.ft, Harokyathanahalli, Dasanapura Hobli,, Bengaluru",Bengaluru,Bengaluru,Karnataka,562123,100,Road,,,,,KA01D5209,Regular,,,11010000,234,Units," 7,344.20 ", 2.50 , 183.61 , 2.50 , 183.61 ,,,0,0,,,,," 1,80,338.49 ",SourcingBee Retail Pvt Ltd,"Survey No.73, 20000sq.ft, Harokyathanahalli, Dasanapura Hobli,, Bengaluru",,Bengaluru,562123,29-Karnataka,SourcingBee Retail Pvt Ltd,"Survey.87/1,87/2,88/1,88/2,88/3,89/1,122, FC-Vikrant, Byranhalli,Village Kasaba, Hobli, Nelamangala",,,562123,29-Karnataka,,,,,Stock Transfer
Outward,Others,Challan,,SBDC290079,18/06/25,29AAWCS7485C1ZJ,SourcingBee Retail Pvt Ltd,"Survey.87/1,87/2,88/1,88/2,88/3,89/1,122, FC-Vikrant, Byranhalli,Village Kasaba, Hobli, Nelamangala",Karnataka,,562123,Karnataka,SourcingBee Retail Pvt Ltd,29AAWCS7485C1ZJ,"Survey No.73, 20000sq.ft, Harokyathanahalli, Dasanapura Hobli,, Bengaluru",Bengaluru,Bengaluru,Karnataka,562123,100,Road,,,,,KA01D5209,Regular,,,11023000,19,Units, 712.43 , 2.50 , 17.81 , 2.50 , 17.81 ,,,0,0,,,,," 1,80,338.49 ",SourcingBee Retail Pvt Ltd,"Survey No.73, 20000sq.ft, Harokyathanahalli, Dasanapura Hobli,, Bengaluru",,Bengaluru,562123,29-Karnataka,SourcingBee Retail Pvt Ltd,"Survey.87/1,87/2,88/1,88/2,88/3,89/1,122, FC-Vikrant, Byranhalli,Village Kasaba, Hobli, Nelamangala",,,562123,29-Karnataka,,,,,Stock Transfer
Outward,Others,Challan,,SBDC290079,18/06/25,29AAWCS7485C1ZJ,SourcingBee Retail Pvt Ltd,"Survey.87/1,87/2,88/1,88/2,88/3,89/1,122, FC-Vikrant, Byranhalli,Village Kasaba, Hobli, Nelamangala",Karnataka,,562123,Karnataka,SourcingBee Retail Pvt Ltd,29AAWCS7485C1ZJ,"Survey No.73, 20000sq.ft, Harokyathanahalli, Dasanapura Hobli,, Bengaluru",Bengaluru,Bengaluru,Karnataka,562123,100,Road,,,,,KA01D5209,Regular,,,11029090,112,Units," 3,046.19 ", 2.50 , 76.16 , 2.50 , 76.16 ,,,0,0,,,,," 1,80,338.49 ",SourcingBee Retail Pvt Ltd,"Survey No.73, 20000sq.ft, Harokyathanahalli, Dasanapura Hobli,, Bengaluru",,Bengaluru,562123,29-Karnataka,SourcingBee Retail Pvt Ltd,"Survey.87/1,87/2,88/1,88/2,88/3,89/1,122, FC-Vikrant, Byranhalli,Village Kasaba, Hobli, Nelamangala",,,562123,29-Karnataka,,,,,Stock Transfer
Outward,Others,Challan,,SBDC290079,18/06/25,29AAWCS7485C1ZJ,SourcingBee Retail Pvt Ltd,"Survey.87/1,87/2,88/1,88/2,88/3,89/1,122, FC-Vikrant, Byranhalli,Village Kasaba, Hobli, Nelamangala",Karnataka,,562123,Karnataka,SourcingBee Retail Pvt Ltd,29AAWCS7485C1ZJ,"Survey No.73, 20000sq.ft, Harokyathanahalli, Dasanapura Hobli,, Bengaluru",Bengaluru,Bengaluru,Karnataka,562123,100,Road,,,,,KA01D5209,Regular,,,11031120,81,Units," 3,268.89 ", 2.50 , 81.73 , 2.50 , 81.73 ,,,0,0,,,,," 1,80,338.49 ",SourcingBee Retail Pvt Ltd,"Survey No.73, 20000sq.ft, Harokyathanahalli, Dasanapura Hobli,, Bengaluru",,Bengaluru,562123,29-Karnataka,SourcingBee Retail Pvt Ltd,"Survey.87/1,87/2,88/1,88/2,88/3,89/1,122, FC-Vikrant, Byranhalli,Village Kasaba, Hobli, Nelamangala",,,562123,29-Karnataka,,,,,Stock Transfer
Outward,Others,Challan,,SBDC290079,18/06/25,29AAWCS7485C1ZJ,SourcingBee Retail Pvt Ltd,"Survey.87/1,87/2,88/1,88/2,88/3,89/1,122, FC-Vikrant, Byranhalli,Village Kasaba, Hobli, Nelamangala",Karnataka,,562123,Karnataka,SourcingBee Retail Pvt Ltd,29AAWCS7485C1ZJ,"Survey No.73, 20000sq.ft, Harokyathanahalli, Dasanapura Hobli,, Bengaluru",Bengaluru,Bengaluru,Karnataka,562123,100,Road,,,,,KA01D5209,Regular,,,11061000,38,Units," 1,482.80 ", 2.50 , 37.07 , 2.50 , 37.07 ,,,0,0,,,,," 1,80,338.49 ",SourcingBee Retail Pvt Ltd,"Survey No.73, 20000sq.ft, Harokyathanahalli, Dasanapura Hobli,, Bengaluru",,Bengaluru,562123,29-Karnataka,SourcingBee Retail Pvt Ltd,"Survey.87/1,87/2,88/1,88/2,88/3,89/1,122, FC-Vikrant, Byranhalli,Village Kasaba, Hobli, Nelamangala",,,562123,29-Karnataka,,,,,Stock Transfer
Outward,Others,Challan,,SBDC290079,18/06/25,29AAWCS7485C1ZJ,SourcingBee Retail Pvt Ltd,"Survey.87/1,87/2,88/1,88/2,88/3,89/1,122, FC-Vikrant, Byranhalli,Village Kasaba, Hobli, Nelamangala",Karnataka,,562123,Karnataka,SourcingBee Retail Pvt Ltd,29AAWCS7485C1ZJ,"Survey No.73, 20000sq.ft, Harokyathanahalli, Dasanapura Hobli,, Bengaluru",Bengaluru,Bengaluru,Karnataka,562123,100,Road,,,,,KA01D5209,Regular,,,11063090,226,Units," 6,106.64 ", 2.50 , 152.66 , 2.50 , 152.66 ,,,0,0,,,,," 1,80,338.49 ",SourcingBee Retail Pvt Ltd,"Survey No.73, 20000sq.ft, Harokyathanahalli, Dasanapura Hobli,, Bengaluru",,Bengaluru,562123,29-Karnataka,SourcingBee Retail Pvt Ltd,"Survey.87/1,87/2,88/1,88/2,88/3,89/1,122, FC-Vikrant, Byranhalli,Village Kasaba, Hobli, Nelamangala",,,562123,29-Karnataka,,,,,Stock Transfer
Outward,Others,Challan,,SBDC290079,18/06/25,29AAWCS7485C1ZJ,SourcingBee Retail Pvt Ltd,"Survey.87/1,87/2,88/1,88/2,88/3,89/1,122, FC-Vikrant, Byranhalli,Village Kasaba, Hobli, Nelamangala",Karnataka,,562123,Karnataka,SourcingBee Retail Pvt Ltd,29AAWCS7485C1ZJ,"Survey No.73, 20000sq.ft, Harokyathanahalli, Dasanapura Hobli,, Bengaluru",Bengaluru,Bengaluru,Karnataka,562123,100,Road,,,,,KA01D5209,Regular,,,11081200,6,Units, 148.37 , 6.00 , 8.91 , 6.00 , 8.91 ,,,0,0,,,,," 1,80,338.49 ",SourcingBee Retail Pvt Ltd,"Survey No.73, 20000sq.ft, Harokyathanahalli, Dasanapura Hobli,, Bengaluru",,Bengaluru,562123,29-Karnataka,SourcingBee Retail Pvt Ltd,"Survey.87/1,87/2,88/1,88/2,88/3,89/1,122, FC-Vikrant, Byranhalli,Village Kasaba, Hobli, Nelamangala",,,562123,29-Karnataka,,,,,Stock Transfer
Outward,Others,Challan,,SBDC290079,18/06/25,29AAWCS7485C1ZJ,SourcingBee Retail Pvt Ltd,"Survey.87/1,87/2,88/1,88/2,88/3,89/1,122, FC-Vikrant, Byranhalli,Village Kasaba, Hobli, Nelamangala",Karnataka,,562123,Karnataka,SourcingBee Retail Pvt Ltd,29AAWCS7485C1ZJ,"Survey No.73, 20000sq.ft, Harokyathanahalli, Dasanapura Hobli,, Bengaluru",Bengaluru,Bengaluru,Karnataka,562123,100,Road,,,,,KA01D5209,Regular,,,12040010,7,Units, 87.73 , 2.50 , 2.19 , 2.50 , 2.19 ,,,0,0,,,,," 1,80,338.49 ",SourcingBee Retail Pvt Ltd,"Survey No.73, 20000sq.ft, Harokyathanahalli, Dasanapura Hobli,, Bengaluru",,Bengaluru,562123,29-Karnataka,SourcingBee Retail Pvt Ltd,"Survey.87/1,87/2,88/1,88/2,88/3,89/1,122, FC-Vikrant, Byranhalli,Village Kasaba, Hobli, Nelamangala",,,562123,29-Karnataka,,,,,Stock Transfer
Outward,Others,Challan,,SBDC290079,18/06/25,29AAWCS7485C1ZJ,SourcingBee Retail Pvt Ltd,"Survey.87/1,87/2,88/1,88/2,88/3,89/1,122, FC-Vikrant, Byranhalli,Village Kasaba, Hobli, Nelamangala",Karnataka,,562123,Karnataka,SourcingBee Retail Pvt Ltd,29AAWCS7485C1ZJ,"Survey No.73, 20000sq.ft, Harokyathanahalli, Dasanapura Hobli,, Bengaluru",Bengaluru,Bengaluru,Karnataka,562123,100,Road,,,,,KA01D5209,Regular,,,120740,20,Units, 187.24 , 2.50 , 4.68 , 2.50 , 4.68 ,,,0,0,,,,," 1,80,338.49 ",SourcingBee Retail Pvt Ltd,"Survey No.73, 20000sq.ft, Harokyathanahalli, Dasanapura Hobli,, Bengaluru",,Bengaluru,562123,29-Karnataka,SourcingBee Retail Pvt Ltd,"Survey.87/1,87/2,88/1,88/2,88/3,89/1,122, FC-Vikrant, Byranhalli,Village Kasaba, Hobli, Nelamangala",,,562123,29-Karnataka,,,,,Stock Transfer
Outward,Others,Challan,,SBDC290079,18/06/25,29AAWCS7485C1ZJ,SourcingBee Retail Pvt Ltd,"Survey.87/1,87/2,88/1,88/2,88/3,89/1,122, FC-Vikrant, Byranhalli,Village Kasaba, Hobli, Nelamangala",Karnataka,,562123,Karnataka,SourcingBee Retail Pvt Ltd,29AAWCS7485C1ZJ,"Survey No.73, 20000sq.ft, Harokyathanahalli, Dasanapura Hobli,, Bengaluru",Bengaluru,Bengaluru,Karnataka,562123,100,Road,,,,,KA01D5209,Regular,,,12074010,15,Units, 169.24 , 2.50 , 4.23 , 2.50 , 4.23 ,,,0,0,,,,," 1,80,338.49 ",SourcingBee Retail Pvt Ltd,"Survey No.73, 20000sq.ft, Harokyathanahalli, Dasanapura Hobli,, Bengaluru",,Bengaluru,562123,29-Karnataka,SourcingBee Retail Pvt Ltd,"Survey.87/1,87/2,88/1,88/2,88/3,89/1,122, FC-Vikrant, Byranhalli,Village Kasaba, Hobli, Nelamangala",,,562123,29-Karnataka,,,,,Stock Transfer
Outward,Others,Challan,,SBDC290079,18/06/25,29AAWCS7485C1ZJ,SourcingBee Retail Pvt Ltd,"Survey.87/1,87/2,88/1,88/2,88/3,89/1,122, FC-Vikrant, Byranhalli,Village Kasaba, Hobli, Nelamangala",Karnataka,,562123,Karnataka,SourcingBee Retail Pvt Ltd,29AAWCS7485C1ZJ,"Survey No.73, 20000sq.ft, Harokyathanahalli, Dasanapura Hobli,, Bengaluru",Bengaluru,Bengaluru,Karnataka,562123,100,Road,,,,,KA01D5209,Regular,,,12075010,10,Units, 61.24 , 2.50 , 1.53 , 2.50 , 1.53 ,,,0,0,,,,," 1,80,338.49 ",SourcingBee Retail Pvt Ltd,"Survey No.73, 20000sq.ft, Harokyathanahalli, Dasanapura Hobli,, Bengaluru",,Bengaluru,562123,29-Karnataka,SourcingBee Retail Pvt Ltd,"Survey.87/1,87/2,88/1,88/2,88/3,89/1,122, FC-Vikrant, Byranhalli,Village Kasaba, Hobli, Nelamangala",,,562123,29-Karnataka,,,,,Stock Transfer
Outward,Others,Challan,,SBDC290079,18/06/25,29AAWCS7485C1ZJ,SourcingBee Retail Pvt Ltd,"Survey.87/1,87/2,88/1,88/2,88/3,89/1,122, FC-Vikrant, Byranhalli,Village Kasaba, Hobli, Nelamangala",Karnataka,,562123,Karnataka,SourcingBee Retail Pvt Ltd,29AAWCS7485C1ZJ,"Survey No.73, 20000sq.ft, Harokyathanahalli, Dasanapura Hobli,, Bengaluru",Bengaluru,Bengaluru,Karnataka,562123,100,Road,,,,,KA01D5209,Regular,,,12079100,15,Units, 758.71 , 2.50 , 18.97 , 2.50 , 18.97 ,,,0,0,,,,," 1,80,338.49 ",SourcingBee Retail Pvt Ltd,"Survey No.73, 20000sq.ft, Harokyathanahalli, Dasanapura Hobli,, Bengaluru",,Bengaluru,562123,29-Karnataka,SourcingBee Retail Pvt Ltd,"Survey.87/1,87/2,88/1,88/2,88/3,89/1,122, FC-Vikrant, Byranhalli,Village Kasaba, Hobli, Nelamangala",,,562123,29-Karnataka,,,,,Stock Transfer
Outward,Others,Challan,,SBDC290079,18/06/25,29AAWCS7485C1ZJ,SourcingBee Retail Pvt Ltd,"Survey.87/1,87/2,88/1,88/2,88/3,89/1,122, FC-Vikrant, Byranhalli,Village Kasaba, Hobli, Nelamangala",Karnataka,,562123,Karnataka,SourcingBee Retail Pvt Ltd,29AAWCS7485C1ZJ,"Survey No.73, 20000sq.ft, Harokyathanahalli, Dasanapura Hobli,, Bengaluru",Bengaluru,Bengaluru,Karnataka,562123,100,Road,,,,,KA01D5209,Regular,,,12081000,152,Units, 943.14 , 2.50 , 23.58 , 2.50 , 23.58 ,,,0,0,,,,," 1,80,338.49 ",SourcingBee Retail Pvt Ltd,"Survey No.73, 20000sq.ft, Harokyathanahalli, Dasanapura Hobli,, Bengaluru",,Bengaluru,562123,29-Karnataka,SourcingBee Retail Pvt Ltd,"Survey.87/1,87/2,88/1,88/2,88/3,89/1,122, FC-Vikrant, Byranhalli,Village Kasaba, Hobli, Nelamangala",,,562123,29-Karnataka,,,,,Stock Transfer
Outward,Others,Challan,,SBDC290079,18/06/25,29AAWCS7485C1ZJ,SourcingBee Retail Pvt Ltd,"Survey.87/1,87/2,88/1,88/2,88/3,89/1,122, FC-Vikrant, Byranhalli,Village Kasaba, Hobli, Nelamangala",Karnataka,,562123,Karnataka,SourcingBee Retail Pvt Ltd,29AAWCS7485C1ZJ,"Survey No.73, 20000sq.ft, Harokyathanahalli, Dasanapura Hobli,, Bengaluru",Bengaluru,Bengaluru,Karnataka,562123,100,Road,,,,,KA01D5209,Regular,,,12119094,4,Units, 126.32 , 2.50 , 3.16 , 2.50 , 3.16 ,,,0,0,,,,," 1,80,338.49 ",SourcingBee Retail Pvt Ltd,"Survey No.73, 20000sq.ft, Harokyathanahalli, Dasanapura Hobli,, Bengaluru",,Bengaluru,562123,29-Karnataka,SourcingBee Retail Pvt Ltd,"Survey.87/1,87/2,88/1,88/2,88/3,89/1,122, FC-Vikrant, Byranhalli,Village Kasaba, Hobli, Nelamangala",,,562123,29-Karnataka,,,,,Stock Transfer
Outward,Others,Challan,,SBDC290079,18/06/25,29AAWCS7485C1ZJ,SourcingBee Retail Pvt Ltd,"Survey.87/1,87/2,88/1,88/2,88/3,89/1,122, FC-Vikrant, Byranhalli,Village Kasaba, Hobli, Nelamangala",Karnataka,,562123,Karnataka,SourcingBee Retail Pvt Ltd,29AAWCS7485C1ZJ,"Survey No.73, 20000sq.ft, Harokyathanahalli, Dasanapura Hobli,, Bengaluru",Bengaluru,Bengaluru,Karnataka,562123,100,Road,,,,,KA01D5209,Regular,,,13019013,14,Units, 294.00 , 2.50 , 7.35 , 2.50 , 7.35 ,,,0,0,,,,," 1,80,338.49 ",SourcingBee Retail Pvt Ltd,"Survey No.73, 20000sq.ft, Harokyathanahalli, Dasanapura Hobli,, Bengaluru",,Bengaluru,562123,29-Karnataka,SourcingBee Retail Pvt Ltd,"Survey.87/1,87/2,88/1,88/2,88/3,89/1,122, FC-Vikrant, Byranhalli,Village Kasaba, Hobli, Nelamangala",,,562123,29-Karnataka,,,,,Stock Transfer
Outward,Others,Challan,,SBDC290079,18/06/25,29AAWCS7485C1ZJ,SourcingBee Retail Pvt Ltd,"Survey.87/1,87/2,88/1,88/2,88/3,89/1,122, FC-Vikrant, Byranhalli,Village Kasaba, Hobli, Nelamangala",Karnataka,,562123,Karnataka,SourcingBee Retail Pvt Ltd,29AAWCS7485C1ZJ,"Survey No.73, 20000sq.ft, Harokyathanahalli, Dasanapura Hobli,, Bengaluru",Bengaluru,Bengaluru,Karnataka,562123,100,Road,,,,,KA01D5209,Regular,,,14049090,12,Units, 102.17 , 2.50 , 2.55 , 2.50 , 2.55 ,,,0,0,,,,," 1,80,338.49 ",SourcingBee Retail Pvt Ltd,"Survey No.73, 20000sq.ft, Harokyathanahalli, Dasanapura Hobli,, Bengaluru",,Bengaluru,562123,29-Karnataka,SourcingBee Retail Pvt Ltd,"Survey.87/1,87/2,88/1,88/2,88/3,89/1,122, FC-Vikrant, Byranhalli,Village Kasaba, Hobli, Nelamangala",,,562123,29-Karnataka,,,,,Stock Transfer
Outward,Others,Challan,,SBDC290079,18/06/25,29AAWCS7485C1ZJ,SourcingBee Retail Pvt Ltd,"Survey.87/1,87/2,88/1,88/2,88/3,89/1,122, FC-Vikrant, Byranhalli,Village Kasaba, Hobli, Nelamangala",Karnataka,,562123,Karnataka,SourcingBee Retail Pvt Ltd,29AAWCS7485C1ZJ,"Survey No.73, 20000sq.ft, Harokyathanahalli, Dasanapura Hobli,, Bengaluru",Bengaluru,Bengaluru,Karnataka,562123,100,Road,,,,,KA01D5209,Regular,,,180690,1,Units, 194.92 , 9.00 , 17.54 , 9.00 , 17.54 ,,,0,0,,,,," 1,80,338.49 ",SourcingBee Retail Pvt Ltd,"Survey No.73, 20000sq.ft, Harokyathanahalli, Dasanapura Hobli,, Bengaluru",,Bengaluru,562123,29-Karnataka,SourcingBee Retail Pvt Ltd,"Survey.87/1,87/2,88/1,88/2,88/3,89/1,122, FC-Vikrant, Byranhalli,Village Kasaba, Hobli, Nelamangala",,,562123,29-Karnataka,,,,,Stock Transfer
Outward,Others,Challan,,SBDC290079,18/06/25,29AAWCS7485C1ZJ,SourcingBee Retail Pvt Ltd,"Survey.87/1,87/2,88/1,88/2,88/3,89/1,122, FC-Vikrant, Byranhalli,Village Kasaba, Hobli, Nelamangala",Karnataka,,562123,Karnataka,SourcingBee Retail Pvt Ltd,29AAWCS7485C1ZJ,"Survey No.73, 20000sq.ft, Harokyathanahalli, Dasanapura Hobli,, Bengaluru",Bengaluru,Bengaluru,Karnataka,562123,100,Road,,,,,KA01D5209,Regular,,,19021900,2,Units, 37.18 , 6.00 , 2.23 , 6.00 , 2.23 ,,,0,0,,,,," 1,80,338.49 ",SourcingBee Retail Pvt Ltd,"Survey No.73, 20000sq.ft, Harokyathanahalli, Dasanapura Hobli,, Bengaluru",,Bengaluru,562123,29-Karnataka,SourcingBee Retail Pvt Ltd,"Survey.87/1,87/2,88/1,88/2,88/3,89/1,122, FC-Vikrant, Byranhalli,Village Kasaba, Hobli, Nelamangala",,,562123,29-Karnataka,,,,,Stock Transfer
Outward,Others,Challan,,SBDC290079,18/06/25,29AAWCS7485C1ZJ,SourcingBee Retail Pvt Ltd,"Survey.87/1,87/2,88/1,88/2,88/3,89/1,122, FC-Vikrant, Byranhalli,Village Kasaba, Hobli, Nelamangala",Karnataka,,562123,Karnataka,SourcingBee Retail Pvt Ltd,29AAWCS7485C1ZJ,"Survey No.73, 20000sq.ft, Harokyathanahalli, Dasanapura Hobli,, Bengaluru",Bengaluru,Bengaluru,Karnataka,562123,100,Road,,,,,KA01D5209,Regular,,,19054000,25,Units, 233.88 , 2.50 , 5.84 , 2.50 , 5.84 ,,,0,0,,,,," 1,80,338.49 ",SourcingBee Retail Pvt Ltd,"Survey No.73, 20000sq.ft, Harokyathanahalli, Dasanapura Hobli,, Bengaluru",,Bengaluru,562123,29-Karnataka,SourcingBee Retail Pvt Ltd,"Survey.87/1,87/2,88/1,88/2,88/3,89/1,122, FC-Vikrant, Byranhalli,Village Kasaba, Hobli, Nelamangala",,,562123,29-Karnataka,,,,,Stock Transfer
Outward,Others,Challan,,SBDC290079,18/06/25,29AAWCS7485C1ZJ,SourcingBee Retail Pvt Ltd,"Survey.87/1,87/2,88/1,88/2,88/3,89/1,122, FC-Vikrant, Byranhalli,Village Kasaba, Hobli, Nelamangala",Karnataka,,562123,Karnataka,SourcingBee Retail Pvt Ltd,29AAWCS7485C1ZJ,"Survey No.73, 20000sq.ft, Harokyathanahalli, Dasanapura Hobli,, Bengaluru",Bengaluru,Bengaluru,Karnataka,562123,100,Road,,,,,KA01D5209,Regular,,,19059010,42,Units, 454.06 , 9.00 , 40.86 , 9.00 , 40.86 ,,,0,0,,,,," 1,80,338.49 ",SourcingBee Retail Pvt Ltd,"Survey No.73, 20000sq.ft, Harokyathanahalli, Dasanapura Hobli,, Bengaluru",,Bengaluru,562123,29-Karnataka,SourcingBee Retail Pvt Ltd,"Survey.87/1,87/2,88/1,88/2,88/3,89/1,122, FC-Vikrant, Byranhalli,Village Kasaba, Hobli, Nelamangala",,,562123,29-Karnataka,,,,,Stock Transfer
Outward,Others,Challan,,SBDC290079,18/06/25,29AAWCS7485C1ZJ,SourcingBee Retail Pvt Ltd,"Survey.87/1,87/2,88/1,88/2,88/3,89/1,122, FC-Vikrant, Byranhalli,Village Kasaba, Hobli, Nelamangala",Karnataka,,562123,Karnataka,SourcingBee Retail Pvt Ltd,29AAWCS7485C1ZJ,"Survey No.73, 20000sq.ft, Harokyathanahalli, Dasanapura Hobli,, Bengaluru",Bengaluru,Bengaluru,Karnataka,562123,100,Road,,,,,KA01D5209,Regular,,,19059090,20,Units, 130.29 , 2.50 , 3.26 , 2.50 , 3.26 ,,,0,0,,,,," 1,80,338.49 ",SourcingBee Retail Pvt Ltd,"Survey No.73, 20000sq.ft, Harokyathanahalli, Dasanapura Hobli,, Bengaluru",,Bengaluru,562123,29-Karnataka,SourcingBee Retail Pvt Ltd,"Survey.87/1,87/2,88/1,88/2,88/3,89/1,122, FC-Vikrant, Byranhalli,Village Kasaba, Hobli, Nelamangala",,,562123,29-Karnataka,,,,,Stock Transfer
Outward,Others,Challan,,SBDC290079,18/06/25,29AAWCS7485C1ZJ,SourcingBee Retail Pvt Ltd,"Survey.87/1,87/2,88/1,88/2,88/3,89/1,122, FC-Vikrant, Byranhalli,Village Kasaba, Hobli, Nelamangala",Karnataka,,562123,Karnataka,SourcingBee Retail Pvt Ltd,29AAWCS7485C1ZJ,"Survey No.73, 20000sq.ft, Harokyathanahalli, Dasanapura Hobli,, Bengaluru",Bengaluru,Bengaluru,Karnataka,562123,100,Road,,,,,KA01D5209,Regular,,,20081920,1,Units, 223.69 , 6.00 , 13.42 , 6.00 , 13.42 ,,,0,0,,,,," 1,80,338.49 ",SourcingBee Retail Pvt Ltd,"Survey No.73, 20000sq.ft, Harokyathanahalli, Dasanapura Hobli,, Bengaluru",,Bengaluru,562123,29-Karnataka,SourcingBee Retail Pvt Ltd,"Survey.87/1,87/2,88/1,88/2,88/3,89/1,122, FC-Vikrant, Byranhalli,Village Kasaba, Hobli, Nelamangala",,,562123,29-Karnataka,,,,,Stock Transfer
Outward,Others,Challan,,SBDC290079,18/06/25,29AAWCS7485C1ZJ,SourcingBee Retail Pvt Ltd,"Survey.87/1,87/2,88/1,88/2,88/3,89/1,122, FC-Vikrant, Byranhalli,Village Kasaba, Hobli, Nelamangala",Karnataka,,562123,Karnataka,SourcingBee Retail Pvt Ltd,29AAWCS7485C1ZJ,"Survey No.73, 20000sq.ft, Harokyathanahalli, Dasanapura Hobli,, Bengaluru",Bengaluru,Bengaluru,Karnataka,562123,100,Road,,,,,KA01D5209,Regular,,,20081990,2,Units, 92.27 , 6.00 , 5.54 , 6.00 , 5.54 ,,,0,0,,,,," 1,80,338.49 ",SourcingBee Retail Pvt Ltd,"Survey No.73, 20000sq.ft, Harokyathanahalli, Dasanapura Hobli,, Bengaluru",,Bengaluru,562123,29-Karnataka,SourcingBee Retail Pvt Ltd,"Survey.87/1,87/2,88/1,88/2,88/3,89/1,122, FC-Vikrant, Byranhalli,Village Kasaba, Hobli, Nelamangala",,,562123,29-Karnataka,,,,,Stock Transfer
Outward,Others,Challan,,SBDC290079,18/06/25,29AAWCS7485C1ZJ,SourcingBee Retail Pvt Ltd,"Survey.87/1,87/2,88/1,88/2,88/3,89/1,122, FC-Vikrant, Byranhalli,Village Kasaba, Hobli, Nelamangala",Karnataka,,562123,Karnataka,SourcingBee Retail Pvt Ltd,29AAWCS7485C1ZJ,"Survey No.73, 20000sq.ft, Harokyathanahalli, Dasanapura Hobli,, Bengaluru",Bengaluru,Bengaluru,Karnataka,562123,100,Road,,,,,KA01D5209,Regular,,,21031000,1,Units, 13.39 , 6.00 , 0.80 , 6.00 , 0.80 ,,,0,0,,,,," 1,80,338.49 ",SourcingBee Retail Pvt Ltd,"Survey No.73, 20000sq.ft, Harokyathanahalli, Dasanapura Hobli,, Bengaluru",,Bengaluru,562123,29-Karnataka,SourcingBee Retail Pvt Ltd,"Survey.87/1,87/2,88/1,88/2,88/3,89/1,122, FC-Vikrant, Byranhalli,Village Kasaba, Hobli, Nelamangala",,,562123,29-Karnataka,,,,,Stock Transfer
Outward,Others,Challan,,SBDC290079,18/06/25,29AAWCS7485C1ZJ,SourcingBee Retail Pvt Ltd,"Survey.87/1,87/2,88/1,88/2,88/3,89/1,122, FC-Vikrant, Byranhalli,Village Kasaba, Hobli, Nelamangala",Karnataka,,562123,Karnataka,SourcingBee Retail Pvt Ltd,29AAWCS7485C1ZJ,"Survey No.73, 20000sq.ft, Harokyathanahalli, Dasanapura Hobli,, Bengaluru",Bengaluru,Bengaluru,Karnataka,562123,100,Road,,,,,KA01D5209,Regular,,,21032000,25,Units, 334.82 , 6.00 , 20.09 , 6.00 , 20.09 ,,,0,0,,,,," 1,80,338.49 ",SourcingBee Retail Pvt Ltd,"Survey No.73, 20000sq.ft, Harokyathanahalli, Dasanapura Hobli,, Bengaluru",,Bengaluru,562123,29-Karnataka,SourcingBee Retail Pvt Ltd,"Survey.87/1,87/2,88/1,88/2,88/3,89/1,122, FC-Vikrant, Byranhalli,Village Kasaba, Hobli, Nelamangala",,,562123,29-Karnataka,,,,,Stock Transfer
Outward,Others,Challan,,SBDC290079,18/06/25,29AAWCS7485C1ZJ,SourcingBee Retail Pvt Ltd,"Survey.87/1,87/2,88/1,88/2,88/3,89/1,122, FC-Vikrant, Byranhalli,Village Kasaba, Hobli, Nelamangala",Karnataka,,562123,Karnataka,SourcingBee Retail Pvt Ltd,29AAWCS7485C1ZJ,"Survey No.73, 20000sq.ft, Harokyathanahalli, Dasanapura Hobli,, Bengaluru",Bengaluru,Bengaluru,Karnataka,562123,100,Road,,,,,KA01D5209,Regular,,,21061000,70,Units," 1,660.09 ", 6.00 , 99.60 , 6.00 , 99.60 ,,,0,0,,,,," 1,80,338.49 ",SourcingBee Retail Pvt Ltd,"Survey No.73, 20000sq.ft, Harokyathanahalli, Dasanapura Hobli,, Bengaluru",,Bengaluru,562123,29-Karnataka,SourcingBee Retail Pvt Ltd,"Survey.87/1,87/2,88/1,88/2,88/3,89/1,122, FC-Vikrant, Byranhalli,Village Kasaba, Hobli, Nelamangala",,,562123,29-Karnataka,,,,,Stock Transfer
Outward,Others,Challan,,SBDC290079,18/06/25,29AAWCS7485C1ZJ,SourcingBee Retail Pvt Ltd,"Survey.87/1,87/2,88/1,88/2,88/3,89/1,122, FC-Vikrant, Byranhalli,Village Kasaba, Hobli, Nelamangala",Karnataka,,562123,Karnataka,SourcingBee Retail Pvt Ltd,29AAWCS7485C1ZJ,"Survey No.73, 20000sq.ft, Harokyathanahalli, Dasanapura Hobli,, Bengaluru",Bengaluru,Bengaluru,Karnataka,562123,100,Road,,,,,KA01D5209,Regular,,,21069099,106,Units, 748.79 , 6.00 , 44.93 , 6.00 , 44.93 ,,,0,0,,,,," 1,80,338.49 ",SourcingBee Retail Pvt Ltd,"Survey No.73, 20000sq.ft, Harokyathanahalli, Dasanapura Hobli,, Bengaluru",,Bengaluru,562123,29-Karnataka,SourcingBee Retail Pvt Ltd,"Survey.87/1,87/2,88/1,88/2,88/3,89/1,122, FC-Vikrant, Byranhalli,Village Kasaba, Hobli, Nelamangala",,,562123,29-Karnataka,,,,,Stock Transfer
Outward,Others,Challan,,SBDC290079,18/06/25,29AAWCS7485C1ZJ,SourcingBee Retail Pvt Ltd,"Survey.87/1,87/2,88/1,88/2,88/3,89/1,122, FC-Vikrant, Byranhalli,Village Kasaba, Hobli, Nelamangala",Karnataka,,562123,Karnataka,SourcingBee Retail Pvt Ltd,29AAWCS7485C1ZJ,"Survey No.73, 20000sq.ft, Harokyathanahalli, Dasanapura Hobli,, Bengaluru",Bengaluru,Bengaluru,Karnataka,562123,100,Road,,,,,KA01D5209,Regular,,,21069099,1,Units, 99.07 , 9.00 , 8.92 , 9.00 , 8.92 ,,,0,0,,,,," 1,80,338.49 ",SourcingBee Retail Pvt Ltd,"Survey No.73, 20000sq.ft, Harokyathanahalli, Dasanapura Hobli,, Bengaluru",,Bengaluru,562123,29-Karnataka,SourcingBee Retail Pvt Ltd,"Survey.87/1,87/2,88/1,88/2,88/3,89/1,122, FC-Vikrant, Byranhalli,Village Kasaba, Hobli, Nelamangala",,,562123,29-Karnataka,,,,,Stock Transfer
Outward,Others,Challan,,SBDC290079,18/06/25,29AAWCS7485C1ZJ,SourcingBee Retail Pvt Ltd,"Survey.87/1,87/2,88/1,88/2,88/3,89/1,122, FC-Vikrant, Byranhalli,Village Kasaba, Hobli, Nelamangala",Karnataka,,562123,Karnataka,SourcingBee Retail Pvt Ltd,29AAWCS7485C1ZJ,"Survey No.73, 20000sq.ft, Harokyathanahalli, Dasanapura Hobli,, Bengaluru",Bengaluru,Bengaluru,Karnataka,562123,100,Road,,,,,KA01D5209,Regular,,,22021010,36,Units, 350.00 , 9.00 , 31.50 , 9.00 , 31.50 ,,,0,0,,,,," 1,80,338.49 ",SourcingBee Retail Pvt Ltd,"Survey No.73, 20000sq.ft, Harokyathanahalli, Dasanapura Hobli,, Bengaluru",,Bengaluru,562123,29-Karnataka,SourcingBee Retail Pvt Ltd,"Survey.87/1,87/2,88/1,88/2,88/3,89/1,122, FC-Vikrant, Byranhalli,Village Kasaba, Hobli, Nelamangala",,,562123,29-Karnataka,,,,,Stock Transfer
Outward,Others,Challan,,SBDC290079,18/06/25,29AAWCS7485C1ZJ,SourcingBee Retail Pvt Ltd,"Survey.87/1,87/2,88/1,88/2,88/3,89/1,122, FC-Vikrant, Byranhalli,Village Kasaba, Hobli, Nelamangala",Karnataka,,562123,Karnataka,SourcingBee Retail Pvt Ltd,29AAWCS7485C1ZJ,"Survey No.73, 20000sq.ft, Harokyathanahalli, Dasanapura Hobli,, Bengaluru",Bengaluru,Bengaluru,Karnataka,562123,100,Road,,,,,KA01D5209,Regular,,,22029930,1,Units, 45.07 , 6.00 , 2.70 , 6.00 , 2.70 ,,,0,0,,,,," 1,80,338.49 ",SourcingBee Retail Pvt Ltd,"Survey No.73, 20000sq.ft, Harokyathanahalli, Dasanapura Hobli,, Bengaluru",,Bengaluru,562123,29-Karnataka,SourcingBee Retail Pvt Ltd,"Survey.87/1,87/2,88/1,88/2,88/3,89/1,122, FC-Vikrant, Byranhalli,Village Kasaba, Hobli, Nelamangala",,,562123,29-Karnataka,,,,,Stock Transfer
Outward,Others,Challan,,SBDC290079,18/06/25,29AAWCS7485C1ZJ,SourcingBee Retail Pvt Ltd,"Survey.87/1,87/2,88/1,88/2,88/3,89/1,122, FC-Vikrant, Byranhalli,Village Kasaba, Hobli, Nelamangala",Karnataka,,562123,Karnataka,SourcingBee Retail Pvt Ltd,29AAWCS7485C1ZJ,"Survey No.73, 20000sq.ft, Harokyathanahalli, Dasanapura Hobli,, Bengaluru",Bengaluru,Bengaluru,Karnataka,562123,100,Road,,,,,KA01D5209,Regular,,,25010010,100,Units," 1,370.00 ", -   , -   , -   , -   ,,,0,0,,,,," 1,80,338.49 ",SourcingBee Retail Pvt Ltd,"Survey No.73, 20000sq.ft, Harokyathanahalli, Dasanapura Hobli,, Bengaluru",,Bengaluru,562123,29-Karnataka,SourcingBee Retail Pvt Ltd,"Survey.87/1,87/2,88/1,88/2,88/3,89/1,122, FC-Vikrant, Byranhalli,Village Kasaba, Hobli, Nelamangala",,,562123,29-Karnataka,,,,,Stock Transfer
Outward,Others,Challan,,SBDC290079,18/06/25,29AAWCS7485C1ZJ,SourcingBee Retail Pvt Ltd,"Survey.87/1,87/2,88/1,88/2,88/3,89/1,122, FC-Vikrant, Byranhalli,Village Kasaba, Hobli, Nelamangala",Karnataka,,562123,Karnataka,SourcingBee Retail Pvt Ltd,29AAWCS7485C1ZJ,"Survey No.73, 20000sq.ft, Harokyathanahalli, Dasanapura Hobli,, Bengaluru",Bengaluru,Bengaluru,Karnataka,562123,100,Road,,,,,KA01D5209,Regular,,,29224210,20,Units, 120.51 , 9.00 , 10.85 , 9.00 , 10.85 ,,,0,0,,,,," 1,80,338.49 ",SourcingBee Retail Pvt Ltd,"Survey No.73, 20000sq.ft, Harokyathanahalli, Dasanapura Hobli,, Bengaluru",,Bengaluru,562123,29-Karnataka,SourcingBee Retail Pvt Ltd,"Survey.87/1,87/2,88/1,88/2,88/3,89/1,122, FC-Vikrant, Byranhalli,Village Kasaba, Hobli, Nelamangala",,,562123,29-Karnataka,,,,,Stock Transfer
Outward,Others,Challan,,SBDC290079,18/06/25,29AAWCS7485C1ZJ,SourcingBee Retail Pvt Ltd,"Survey.87/1,87/2,88/1,88/2,88/3,89/1,122, FC-Vikrant, Byranhalli,Village Kasaba, Hobli, Nelamangala",Karnataka,,562123,Karnataka,SourcingBee Retail Pvt Ltd,29AAWCS7485C1ZJ,"Survey No.73, 20000sq.ft, Harokyathanahalli, Dasanapura Hobli,, Bengaluru",Bengaluru,Bengaluru,Karnataka,562123,100,Road,,,,,KA01D5209,Regular,,,30049086,18,Units, 342.86 , 2.50 , 8.58 , 2.50 , 8.58 ,,,0,0,,,,," 1,80,338.49 ",SourcingBee Retail Pvt Ltd,"Survey No.73, 20000sq.ft, Harokyathanahalli, Dasanapura Hobli,, Bengaluru",,Bengaluru,562123,29-Karnataka,SourcingBee Retail Pvt Ltd,"Survey.87/1,87/2,88/1,88/2,88/3,89/1,122, FC-Vikrant, Byranhalli,Village Kasaba, Hobli, Nelamangala",,,562123,29-Karnataka,,,,,Stock Transfer
Outward,Others,Challan,,SBDC290079,18/06/25,29AAWCS7485C1ZJ,SourcingBee Retail Pvt Ltd,"Survey.87/1,87/2,88/1,88/2,88/3,89/1,122, FC-Vikrant, Byranhalli,Village Kasaba, Hobli, Nelamangala",Karnataka,,562123,Karnataka,SourcingBee Retail Pvt Ltd,29AAWCS7485C1ZJ,"Survey No.73, 20000sq.ft, Harokyathanahalli, Dasanapura Hobli,, Bengaluru",Bengaluru,Bengaluru,Karnataka,562123,100,Road,,,,,KA01D5209,Regular,,,33049930,12,Units," 1,146.11 ", 9.00 , 103.15 , 9.00 , 103.15 ,,,0,0,,,,," 1,80,338.49 ",SourcingBee Retail Pvt Ltd,"Survey No.73, 20000sq.ft, Harokyathanahalli, Dasanapura Hobli,, Bengaluru",,Bengaluru,562123,29-Karnataka,SourcingBee Retail Pvt Ltd,"Survey.87/1,87/2,88/1,88/2,88/3,89/1,122, FC-Vikrant, Byranhalli,Village Kasaba, Hobli, Nelamangala",,,562123,29-Karnataka,,,,,Stock Transfer
Outward,Others,Challan,,SBDC290079,18/06/25,29AAWCS7485C1ZJ,SourcingBee Retail Pvt Ltd,"Survey.87/1,87/2,88/1,88/2,88/3,89/1,122, FC-Vikrant, Byranhalli,Village Kasaba, Hobli, Nelamangala",Karnataka,,562123,Karnataka,SourcingBee Retail Pvt Ltd,29AAWCS7485C1ZJ,"Survey No.73, 20000sq.ft, Harokyathanahalli, Dasanapura Hobli,, Bengaluru",Bengaluru,Bengaluru,Karnataka,562123,100,Road,,,,,KA01D5209,Regular,,,33059040,94,Units," 2,953.03 ", 9.00 , 265.77 , 9.00 , 265.77 ,,,0,0,,,,," 1,80,338.49 ",SourcingBee Retail Pvt Ltd,"Survey No.73, 20000sq.ft, Harokyathanahalli, Dasanapura Hobli,, Bengaluru",,Bengaluru,562123,29-Karnataka,SourcingBee Retail Pvt Ltd,"Survey.87/1,87/2,88/1,88/2,88/3,89/1,122, FC-Vikrant, Byranhalli,Village Kasaba, Hobli, Nelamangala",,,562123,29-Karnataka,,,,,Stock Transfer
Outward,Others,Challan,,SBDC290079,18/06/25,29AAWCS7485C1ZJ,SourcingBee Retail Pvt Ltd,"Survey.87/1,87/2,88/1,88/2,88/3,89/1,122, FC-Vikrant, Byranhalli,Village Kasaba, Hobli, Nelamangala",Karnataka,,562123,Karnataka,SourcingBee Retail Pvt Ltd,29AAWCS7485C1ZJ,"Survey No.73, 20000sq.ft, Harokyathanahalli, Dasanapura Hobli,, Bengaluru",Bengaluru,Bengaluru,Karnataka,562123,100,Road,,,,,KA01D5209,Regular,,,33074100,166,Units," 1,845.51 ", 2.50 , 46.14 , 2.50 , 46.14 ,,,0,0,,,,," 1,80,338.49 ",SourcingBee Retail Pvt Ltd,"Survey No.73, 20000sq.ft, Harokyathanahalli, Dasanapura Hobli,, Bengaluru",,Bengaluru,562123,29-Karnataka,SourcingBee Retail Pvt Ltd,"Survey.87/1,87/2,88/1,88/2,88/3,89/1,122, FC-Vikrant, Byranhalli,Village Kasaba, Hobli, Nelamangala",,,562123,29-Karnataka,,,,,Stock Transfer
Outward,Others,Challan,,SBDC290079,18/06/25,29AAWCS7485C1ZJ,SourcingBee Retail Pvt Ltd,"Survey.87/1,87/2,88/1,88/2,88/3,89/1,122, FC-Vikrant, Byranhalli,Village Kasaba, Hobli, Nelamangala",Karnataka,,562123,Karnataka,SourcingBee Retail Pvt Ltd,29AAWCS7485C1ZJ,"Survey No.73, 20000sq.ft, Harokyathanahalli, Dasanapura Hobli,, Bengaluru",Bengaluru,Bengaluru,Karnataka,562123,100,Road,,,,,KA01D5209,Regular,,,33079090,26,Units," 1,303.31 ", 9.00 , 117.30 , 9.00 , 117.30 ,,,0,0,,,,," 1,80,338.49 ",SourcingBee Retail Pvt Ltd,"Survey No.73, 20000sq.ft, Harokyathanahalli, Dasanapura Hobli,, Bengaluru",,Bengaluru,562123,29-Karnataka,SourcingBee Retail Pvt Ltd,"Survey.87/1,87/2,88/1,88/2,88/3,89/1,122, FC-Vikrant, Byranhalli,Village Kasaba, Hobli, Nelamangala",,,562123,29-Karnataka,,,,,Stock Transfer
Outward,Others,Challan,,SBDC290079,18/06/25,29AAWCS7485C1ZJ,SourcingBee Retail Pvt Ltd,"Survey.87/1,87/2,88/1,88/2,88/3,89/1,122, FC-Vikrant, Byranhalli,Village Kasaba, Hobli, Nelamangala",Karnataka,,562123,Karnataka,SourcingBee Retail Pvt Ltd,29AAWCS7485C1ZJ,"Survey No.73, 20000sq.ft, Harokyathanahalli, Dasanapura Hobli,, Bengaluru",Bengaluru,Bengaluru,Karnataka,562123,100,Road,,,,,KA01D5209,Regular,,,34011911,500,Units," 4,989.27 ", 9.00 , 449.05 , 9.00 , 449.05 ,,,0,0,,,,," 1,80,338.49 ",SourcingBee Retail Pvt Ltd,"Survey No.73, 20000sq.ft, Harokyathanahalli, Dasanapura Hobli,, Bengaluru",,Bengaluru,562123,29-Karnataka,SourcingBee Retail Pvt Ltd,"Survey.87/1,87/2,88/1,88/2,88/3,89/1,122, FC-Vikrant, Byranhalli,Village Kasaba, Hobli, Nelamangala",,,562123,29-Karnataka,,,,,Stock Transfer
Outward,Others,Challan,,SBDC290079,18/06/25,29AAWCS7485C1ZJ,SourcingBee Retail Pvt Ltd,"Survey.87/1,87/2,88/1,88/2,88/3,89/1,122, FC-Vikrant, Byranhalli,Village Kasaba, Hobli, Nelamangala",Karnataka,,562123,Karnataka,SourcingBee Retail Pvt Ltd,29AAWCS7485C1ZJ,"Survey No.73, 20000sq.ft, Harokyathanahalli, Dasanapura Hobli,, Bengaluru",Bengaluru,Bengaluru,Karnataka,562123,100,Road,,,,,KA01D5209,Regular,,,34011930,60,Units, 424.07 , 9.00 , 38.17 , 9.00 , 38.17 ,,,0,0,,,,," 1,80,338.49 ",SourcingBee Retail Pvt Ltd,"Survey No.73, 20000sq.ft, Harokyathanahalli, Dasanapura Hobli,, Bengaluru",,Bengaluru,562123,29-Karnataka,SourcingBee Retail Pvt Ltd,"Survey.87/1,87/2,88/1,88/2,88/3,89/1,122, FC-Vikrant, Byranhalli,Village Kasaba, Hobli, Nelamangala",,,562123,29-Karnataka,,,,,Stock Transfer
Outward,Others,Challan,,SBDC290079,18/06/25,29AAWCS7485C1ZJ,SourcingBee Retail Pvt Ltd,"Survey.87/1,87/2,88/1,88/2,88/3,89/1,122, FC-Vikrant, Byranhalli,Village Kasaba, Hobli, Nelamangala",Karnataka,,562123,Karnataka,SourcingBee Retail Pvt Ltd,29AAWCS7485C1ZJ,"Survey No.73, 20000sq.ft, Harokyathanahalli, Dasanapura Hobli,, Bengaluru",Bengaluru,Bengaluru,Karnataka,562123,100,Road,,,,,KA01D5209,Regular,,,34011941,47,Units, 875.55 , 9.00 , 78.80 , 9.00 , 78.80 ,,,0,0,,,,," 1,80,338.49 ",SourcingBee Retail Pvt Ltd,"Survey No.73, 20000sq.ft, Harokyathanahalli, Dasanapura Hobli,, Bengaluru",,Bengaluru,562123,29-Karnataka,SourcingBee Retail Pvt Ltd,"Survey.87/1,87/2,88/1,88/2,88/3,89/1,122, FC-Vikrant, Byranhalli,Village Kasaba, Hobli, Nelamangala",,,562123,29-Karnataka,,,,,Stock Transfer
Outward,Others,Challan,,SBDC290079,18/06/25,29AAWCS7485C1ZJ,SourcingBee Retail Pvt Ltd,"Survey.87/1,87/2,88/1,88/2,88/3,89/1,122, FC-Vikrant, Byranhalli,Village Kasaba, Hobli, Nelamangala",Karnataka,,562123,Karnataka,SourcingBee Retail Pvt Ltd,29AAWCS7485C1ZJ,"Survey No.73, 20000sq.ft, Harokyathanahalli, Dasanapura Hobli,, Bengaluru",Bengaluru,Bengaluru,Karnataka,562123,100,Road,,,,,KA01D5209,Regular,,,34011942,25,Units, 169.49 , 9.00 , 15.25 , 9.00 , 15.25 ,,,0,0,,,,," 1,80,338.49 ",SourcingBee Retail Pvt Ltd,"Survey No.73, 20000sq.ft, Harokyathanahalli, Dasanapura Hobli,, Bengaluru",,Bengaluru,562123,29-Karnataka,SourcingBee Retail Pvt Ltd,"Survey.87/1,87/2,88/1,88/2,88/3,89/1,122, FC-Vikrant, Byranhalli,Village Kasaba, Hobli, Nelamangala",,,562123,29-Karnataka,,,,,Stock Transfer
Outward,Others,Challan,,SBDC290079,18/06/25,29AAWCS7485C1ZJ,SourcingBee Retail Pvt Ltd,"Survey.87/1,87/2,88/1,88/2,88/3,89/1,122, FC-Vikrant, Byranhalli,Village Kasaba, Hobli, Nelamangala",Karnataka,,562123,Karnataka,SourcingBee Retail Pvt Ltd,29AAWCS7485C1ZJ,"Survey No.73, 20000sq.ft, Harokyathanahalli, Dasanapura Hobli,, Bengaluru",Bengaluru,Bengaluru,Karnataka,562123,100,Road,,,,,KA01D5209,Regular,,,34012000,20,Units, 152.54 , 9.00 , 13.73 , 9.00 , 13.73 ,,,0,0,,,,," 1,80,338.49 ",SourcingBee Retail Pvt Ltd,"Survey No.73, 20000sq.ft, Harokyathanahalli, Dasanapura Hobli,, Bengaluru",,Bengaluru,562123,29-Karnataka,SourcingBee Retail Pvt Ltd,"Survey.87/1,87/2,88/1,88/2,88/3,89/1,122, FC-Vikrant, Byranhalli,Village Kasaba, Hobli, Nelamangala",,,562123,29-Karnataka,,,,,Stock Transfer
Outward,Others,Challan,,SBDC290079,18/06/25,29AAWCS7485C1ZJ,SourcingBee Retail Pvt Ltd,"Survey.87/1,87/2,88/1,88/2,88/3,89/1,122, FC-Vikrant, Byranhalli,Village Kasaba, Hobli, Nelamangala",Karnataka,,562123,Karnataka,SourcingBee Retail Pvt Ltd,29AAWCS7485C1ZJ,"Survey No.73, 20000sq.ft, Harokyathanahalli, Dasanapura Hobli,, Bengaluru",Bengaluru,Bengaluru,Karnataka,562123,100,Road,,,,,KA01D5209,Regular,,,340220,2,Units, 55.08 , 9.00 , 4.96 , 9.00 , 4.96 ,,,0,0,,,,," 1,80,338.49 ",SourcingBee Retail Pvt Ltd,"Survey No.73, 20000sq.ft, Harokyathanahalli, Dasanapura Hobli,, Bengaluru",,Bengaluru,562123,29-Karnataka,SourcingBee Retail Pvt Ltd,"Survey.87/1,87/2,88/1,88/2,88/3,89/1,122, FC-Vikrant, Byranhalli,Village Kasaba, Hobli, Nelamangala",,,562123,29-Karnataka,,,,,Stock Transfer
Outward,Others,Challan,,SBDC290079,18/06/25,29AAWCS7485C1ZJ,SourcingBee Retail Pvt Ltd,"Survey.87/1,87/2,88/1,88/2,88/3,89/1,122, FC-Vikrant, Byranhalli,Village Kasaba, Hobli, Nelamangala",Karnataka,,562123,Karnataka,SourcingBee Retail Pvt Ltd,29AAWCS7485C1ZJ,"Survey No.73, 20000sq.ft, Harokyathanahalli, Dasanapura Hobli,, Bengaluru",Bengaluru,Bengaluru,Karnataka,562123,100,Road,,,,,KA01D5209,Regular,,,34022010,4680,Units," 48,292.49 ", 9.00 ," 4,346.32 ", 9.00 ," 4,346.32 ",,,0,0,,,,," 1,80,338.49 ",SourcingBee Retail Pvt Ltd,"Survey No.73, 20000sq.ft, Harokyathanahalli, Dasanapura Hobli,, Bengaluru",,Bengaluru,562123,29-Karnataka,SourcingBee Retail Pvt Ltd,"Survey.87/1,87/2,88/1,88/2,88/3,89/1,122, FC-Vikrant, Byranhalli,Village Kasaba, Hobli, Nelamangala",,,562123,29-Karnataka,,,,,Stock Transfer
Outward,Others,Challan,,SBDC290079,18/06/25,29AAWCS7485C1ZJ,SourcingBee Retail Pvt Ltd,"Survey.87/1,87/2,88/1,88/2,88/3,89/1,122, FC-Vikrant, Byranhalli,Village Kasaba, Hobli, Nelamangala",Karnataka,,562123,Karnataka,SourcingBee Retail Pvt Ltd,29AAWCS7485C1ZJ,"Survey No.73, 20000sq.ft, Harokyathanahalli, Dasanapura Hobli,, Bengaluru",Bengaluru,Bengaluru,Karnataka,562123,100,Road,,,,,KA01D5209,Regular,,,34022020,17,Units, 658.32 , 9.00 , 59.25 , 9.00 , 59.25 ,,,0,0,,,,," 1,80,338.49 ",SourcingBee Retail Pvt Ltd,"Survey No.73, 20000sq.ft, Harokyathanahalli, Dasanapura Hobli,, Bengaluru",,Bengaluru,562123,29-Karnataka,SourcingBee Retail Pvt Ltd,"Survey.87/1,87/2,88/1,88/2,88/3,89/1,122, FC-Vikrant, Byranhalli,Village Kasaba, Hobli, Nelamangala",,,562123,29-Karnataka,,,,,Stock Transfer
Outward,Others,Challan,,SBDC290079,18/06/25,29AAWCS7485C1ZJ,SourcingBee Retail Pvt Ltd,"Survey.87/1,87/2,88/1,88/2,88/3,89/1,122, FC-Vikrant, Byranhalli,Village Kasaba, Hobli, Nelamangala",Karnataka,,562123,Karnataka,SourcingBee Retail Pvt Ltd,29AAWCS7485C1ZJ,"Survey No.73, 20000sq.ft, Harokyathanahalli, Dasanapura Hobli,, Bengaluru",Bengaluru,Bengaluru,Karnataka,562123,100,Road,,,,,KA01D5209,Regular,,,34022090,10,Units, 192.37 , 9.00 , 17.31 , 9.00 , 17.31 ,,,0,0,,,,," 1,80,338.49 ",SourcingBee Retail Pvt Ltd,"Survey No.73, 20000sq.ft, Harokyathanahalli, Dasanapura Hobli,, Bengaluru",,Bengaluru,562123,29-Karnataka,SourcingBee Retail Pvt Ltd,"Survey.87/1,87/2,88/1,88/2,88/3,89/1,122, FC-Vikrant, Byranhalli,Village Kasaba, Hobli, Nelamangala",,,562123,29-Karnataka,,,,,Stock Transfer
Outward,Others,Challan,,SBDC290079,18/06/25,29AAWCS7485C1ZJ,SourcingBee Retail Pvt Ltd,"Survey.87/1,87/2,88/1,88/2,88/3,89/1,122, FC-Vikrant, Byranhalli,Village Kasaba, Hobli, Nelamangala",Karnataka,,562123,Karnataka,SourcingBee Retail Pvt Ltd,29AAWCS7485C1ZJ,"Survey No.73, 20000sq.ft, Harokyathanahalli, Dasanapura Hobli,, Bengaluru",Bengaluru,Bengaluru,Karnataka,562123,100,Road,,,,,KA01D5209,Regular,,,34025000,46,Units," 1,081.23 ", 9.00 , 97.32 , 9.00 , 97.32 ,,,0,0,,,,," 1,80,338.49 ",SourcingBee Retail Pvt Ltd,"Survey No.73, 20000sq.ft, Harokyathanahalli, Dasanapura Hobli,, Bengaluru",,Bengaluru,562123,29-Karnataka,SourcingBee Retail Pvt Ltd,"Survey.87/1,87/2,88/1,88/2,88/3,89/1,122, FC-Vikrant, Byranhalli,Village Kasaba, Hobli, Nelamangala",,,562123,29-Karnataka,,,,,Stock Transfer
Outward,Others,Challan,,SBDC290079,18/06/25,29AAWCS7485C1ZJ,SourcingBee Retail Pvt Ltd,"Survey.87/1,87/2,88/1,88/2,88/3,89/1,122, FC-Vikrant, Byranhalli,Village Kasaba, Hobli, Nelamangala",Karnataka,,562123,Karnataka,SourcingBee Retail Pvt Ltd,29AAWCS7485C1ZJ,"Survey No.73, 20000sq.ft, Harokyathanahalli, Dasanapura Hobli,, Bengaluru",Bengaluru,Bengaluru,Karnataka,562123,100,Road,,,,,KA01D5209,Regular,,,34029011,74,Units," 1,624.56 ", 9.00 , 146.21 , 9.00 , 146.21 ,,,0,0,,,,," 1,80,338.49 ",SourcingBee Retail Pvt Ltd,"Survey No.73, 20000sq.ft, Harokyathanahalli, Dasanapura Hobli,, Bengaluru",,Bengaluru,562123,29-Karnataka,SourcingBee Retail Pvt Ltd,"Survey.87/1,87/2,88/1,88/2,88/3,89/1,122, FC-Vikrant, Byranhalli,Village Kasaba, Hobli, Nelamangala",,,562123,29-Karnataka,,,,,Stock Transfer
Outward,Others,Challan,,SBDC290079,18/06/25,29AAWCS7485C1ZJ,SourcingBee Retail Pvt Ltd,"Survey.87/1,87/2,88/1,88/2,88/3,89/1,122, FC-Vikrant, Byranhalli,Village Kasaba, Hobli, Nelamangala",Karnataka,,562123,Karnataka,SourcingBee Retail Pvt Ltd,29AAWCS7485C1ZJ,"Survey No.73, 20000sq.ft, Harokyathanahalli, Dasanapura Hobli,, Bengaluru",Bengaluru,Bengaluru,Karnataka,562123,100,Road,,,,,KA01D5209,Regular,,,34029019,48,Units, 662.64 , 9.00 , 59.64 , 9.00 , 59.64 ,,,0,0,,,,," 1,80,338.49 ",SourcingBee Retail Pvt Ltd,"Survey No.73, 20000sq.ft, Harokyathanahalli, Dasanapura Hobli,, Bengaluru",,Bengaluru,562123,29-Karnataka,SourcingBee Retail Pvt Ltd,"Survey.87/1,87/2,88/1,88/2,88/3,89/1,122, FC-Vikrant, Byranhalli,Village Kasaba, Hobli, Nelamangala",,,562123,29-Karnataka,,,,,Stock Transfer
Outward,Others,Challan,,SBDC290079,18/06/25,29AAWCS7485C1ZJ,SourcingBee Retail Pvt Ltd,"Survey.87/1,87/2,88/1,88/2,88/3,89/1,122, FC-Vikrant, Byranhalli,Village Kasaba, Hobli, Nelamangala",Karnataka,,562123,Karnataka,SourcingBee Retail Pvt Ltd,29AAWCS7485C1ZJ,"Survey No.73, 20000sq.ft, Harokyathanahalli, Dasanapura Hobli,, Bengaluru",Bengaluru,Bengaluru,Karnataka,562123,100,Road,,,,,KA01D5209,Regular,,,34029099,89,Units, 667.56 , 9.00 , 60.08 , 9.00 , 60.08 ,,,0,0,,,,," 1,80,338.49 ",SourcingBee Retail Pvt Ltd,"Survey No.73, 20000sq.ft, Harokyathanahalli, Dasanapura Hobli,, Bengaluru",,Bengaluru,562123,29-Karnataka,SourcingBee Retail Pvt Ltd,"Survey.87/1,87/2,88/1,88/2,88/3,89/1,122, FC-Vikrant, Byranhalli,Village Kasaba, Hobli, Nelamangala",,,562123,29-Karnataka,,,,,Stock Transfer
Outward,Others,Challan,,SBDC290079,18/06/25,29AAWCS7485C1ZJ,SourcingBee Retail Pvt Ltd,"Survey.87/1,87/2,88/1,88/2,88/3,89/1,122, FC-Vikrant, Byranhalli,Village Kasaba, Hobli, Nelamangala",Karnataka,,562123,Karnataka,SourcingBee Retail Pvt Ltd,29AAWCS7485C1ZJ,"Survey No.73, 20000sq.ft, Harokyathanahalli, Dasanapura Hobli,, Bengaluru",Bengaluru,Bengaluru,Karnataka,562123,100,Road,,,,,KA01D5209,Regular,,,34051000,8,Units, 292.07 , 9.00 , 26.29 , 9.00 , 26.29 ,,,0,0,,,,," 1,80,338.49 ",SourcingBee Retail Pvt Ltd,"Survey No.73, 20000sq.ft, Harokyathanahalli, Dasanapura Hobli,, Bengaluru",,Bengaluru,562123,29-Karnataka,SourcingBee Retail Pvt Ltd,"Survey.87/1,87/2,88/1,88/2,88/3,89/1,122, FC-Vikrant, Byranhalli,Village Kasaba, Hobli, Nelamangala",,,562123,29-Karnataka,,,,,Stock Transfer
Outward,Others,Challan,,SBDC290079,18/06/25,29AAWCS7485C1ZJ,SourcingBee Retail Pvt Ltd,"Survey.87/1,87/2,88/1,88/2,88/3,89/1,122, FC-Vikrant, Byranhalli,Village Kasaba, Hobli, Nelamangala",Karnataka,,562123,Karnataka,SourcingBee Retail Pvt Ltd,29AAWCS7485C1ZJ,"Survey No.73, 20000sq.ft, Harokyathanahalli, Dasanapura Hobli,, Bengaluru",Bengaluru,Bengaluru,Karnataka,562123,100,Road,,,,,KA01D5209,Regular,,,34054000,505,Units," 3,924.22 ", 9.00 , 353.19 , 9.00 , 353.19 ,,,0,0,,,,," 1,80,338.49 ",SourcingBee Retail Pvt Ltd,"Survey No.73, 20000sq.ft, Harokyathanahalli, Dasanapura Hobli,, Bengaluru",,Bengaluru,562123,29-Karnataka,SourcingBee Retail Pvt Ltd,"Survey.87/1,87/2,88/1,88/2,88/3,89/1,122, FC-Vikrant, Byranhalli,Village Kasaba, Hobli, Nelamangala",,,562123,29-Karnataka,,,,,Stock Transfer
Outward,Others,Challan,,SBDC290079,18/06/25,29AAWCS7485C1ZJ,SourcingBee Retail Pvt Ltd,"Survey.87/1,87/2,88/1,88/2,88/3,89/1,122, FC-Vikrant, Byranhalli,Village Kasaba, Hobli, Nelamangala",Karnataka,,562123,Karnataka,SourcingBee Retail Pvt Ltd,29AAWCS7485C1ZJ,"Survey No.73, 20000sq.ft, Harokyathanahalli, Dasanapura Hobli,, Bengaluru",Bengaluru,Bengaluru,Karnataka,562123,100,Road,,,,,KA01D5209,Regular,,,35061000,271,Units," 1,064.86 ", 9.00 , 95.84 , 9.00 , 95.84 ,,,0,0,,,,," 1,80,338.49 ",SourcingBee Retail Pvt Ltd,"Survey No.73, 20000sq.ft, Harokyathanahalli, Dasanapura Hobli,, Bengaluru",,Bengaluru,562123,29-Karnataka,SourcingBee Retail Pvt Ltd,"Survey.87/1,87/2,88/1,88/2,88/3,89/1,122, FC-Vikrant, Byranhalli,Village Kasaba, Hobli, Nelamangala",,,562123,29-Karnataka,,,,,Stock Transfer
Outward,Others,Challan,,SBDC290079,18/06/25,29AAWCS7485C1ZJ,SourcingBee Retail Pvt Ltd,"Survey.87/1,87/2,88/1,88/2,88/3,89/1,122, FC-Vikrant, Byranhalli,Village Kasaba, Hobli, Nelamangala",Karnataka,,562123,Karnataka,SourcingBee Retail Pvt Ltd,29AAWCS7485C1ZJ,"Survey No.73, 20000sq.ft, Harokyathanahalli, Dasanapura Hobli,, Bengaluru",Bengaluru,Bengaluru,Karnataka,562123,100,Road,,,,,KA01D5209,Regular,,,36050090,130,Units, 870.53 , 6.00 , 52.23 , 6.00 , 52.23 ,,,0,0,,,,," 1,80,338.49 ",SourcingBee Retail Pvt Ltd,"Survey No.73, 20000sq.ft, Harokyathanahalli, Dasanapura Hobli,, Bengaluru",,Bengaluru,562123,29-Karnataka,SourcingBee Retail Pvt Ltd,"Survey.87/1,87/2,88/1,88/2,88/3,89/1,122, FC-Vikrant, Byranhalli,Village Kasaba, Hobli, Nelamangala",,,562123,29-Karnataka,,,,,Stock Transfer
Outward,Others,Challan,,SBDC290079,18/06/25,29AAWCS7485C1ZJ,SourcingBee Retail Pvt Ltd,"Survey.87/1,87/2,88/1,88/2,88/3,89/1,122, FC-Vikrant, Byranhalli,Village Kasaba, Hobli, Nelamangala",Karnataka,,562123,Karnataka,SourcingBee Retail Pvt Ltd,29AAWCS7485C1ZJ,"Survey No.73, 20000sq.ft, Harokyathanahalli, Dasanapura Hobli,, Bengaluru",Bengaluru,Bengaluru,Karnataka,562123,100,Road,,,,,KA01D5209,Regular,,,380891,73,Units," 2,379.64 ", 9.00 , 214.17 , 9.00 , 214.17 ,,,0,0,,,,," 1,80,338.49 ",SourcingBee Retail Pvt Ltd,"Survey No.73, 20000sq.ft, Harokyathanahalli, Dasanapura Hobli,, Bengaluru",,Bengaluru,562123,29-Karnataka,SourcingBee Retail Pvt Ltd,"Survey.87/1,87/2,88/1,88/2,88/3,89/1,122, FC-Vikrant, Byranhalli,Village Kasaba, Hobli, Nelamangala",,,562123,29-Karnataka,,,,,Stock Transfer
Outward,Others,Challan,,SBDC290079,18/06/25,29AAWCS7485C1ZJ,SourcingBee Retail Pvt Ltd,"Survey.87/1,87/2,88/1,88/2,88/3,89/1,122, FC-Vikrant, Byranhalli,Village Kasaba, Hobli, Nelamangala",Karnataka,,562123,Karnataka,SourcingBee Retail Pvt Ltd,29AAWCS7485C1ZJ,"Survey No.73, 20000sq.ft, Harokyathanahalli, Dasanapura Hobli,, Bengaluru",Bengaluru,Bengaluru,Karnataka,562123,100,Road,,,,,KA01D5209,Regular,,,38089111,36,Units," 2,748.51 ", 9.00 , 247.37 , 9.00 , 247.37 ,,,0,0,,,,," 1,80,338.49 ",SourcingBee Retail Pvt Ltd,"Survey No.73, 20000sq.ft, Harokyathanahalli, Dasanapura Hobli,, Bengaluru",,Bengaluru,562123,29-Karnataka,SourcingBee Retail Pvt Ltd,"Survey.87/1,87/2,88/1,88/2,88/3,89/1,122, FC-Vikrant, Byranhalli,Village Kasaba, Hobli, Nelamangala",,,562123,29-Karnataka,,,,,Stock Transfer
Outward,Others,Challan,,SBDC290079,18/06/25,29AAWCS7485C1ZJ,SourcingBee Retail Pvt Ltd,"Survey.87/1,87/2,88/1,88/2,88/3,89/1,122, FC-Vikrant, Byranhalli,Village Kasaba, Hobli, Nelamangala",Karnataka,,562123,Karnataka,SourcingBee Retail Pvt Ltd,29AAWCS7485C1ZJ,"Survey No.73, 20000sq.ft, Harokyathanahalli, Dasanapura Hobli,, Bengaluru",Bengaluru,Bengaluru,Karnataka,562123,100,Road,,,,,KA01D5209,Regular,,,38089191,26,Units," 1,717.46 ", 9.00 , 154.57 , 9.00 , 154.57 ,,,0,0,,,,," 1,80,338.49 ",SourcingBee Retail Pvt Ltd,"Survey No.73, 20000sq.ft, Harokyathanahalli, Dasanapura Hobli,, Bengaluru",,Bengaluru,562123,29-Karnataka,SourcingBee Retail Pvt Ltd,"Survey.87/1,87/2,88/1,88/2,88/3,89/1,122, FC-Vikrant, Byranhalli,Village Kasaba, Hobli, Nelamangala",,,562123,29-Karnataka,,,,,Stock Transfer
Outward,Others,Challan,,SBDC290079,18/06/25,29AAWCS7485C1ZJ,SourcingBee Retail Pvt Ltd,"Survey.87/1,87/2,88/1,88/2,88/3,89/1,122, FC-Vikrant, Byranhalli,Village Kasaba, Hobli, Nelamangala",Karnataka,,562123,Karnataka,SourcingBee Retail Pvt Ltd,29AAWCS7485C1ZJ,"Survey No.73, 20000sq.ft, Harokyathanahalli, Dasanapura Hobli,, Bengaluru",Bengaluru,Bengaluru,Karnataka,562123,100,Road,,,,,KA01D5209,Regular,,,38089199,83,Units," 4,497.56 ", 9.00 , 404.79 , 9.00 , 404.79 ,,,0,0,,,,," 1,80,338.49 ",SourcingBee Retail Pvt Ltd,"Survey No.73, 20000sq.ft, Harokyathanahalli, Dasanapura Hobli,, Bengaluru",,Bengaluru,562123,29-Karnataka,SourcingBee Retail Pvt Ltd,"Survey.87/1,87/2,88/1,88/2,88/3,89/1,122, FC-Vikrant, Byranhalli,Village Kasaba, Hobli, Nelamangala",,,562123,29-Karnataka,,,,,Stock Transfer
Outward,Others,Challan,,SBDC290079,18/06/25,29AAWCS7485C1ZJ,SourcingBee Retail Pvt Ltd,"Survey.87/1,87/2,88/1,88/2,88/3,89/1,122, FC-Vikrant, Byranhalli,Village Kasaba, Hobli, Nelamangala",Karnataka,,562123,Karnataka,SourcingBee Retail Pvt Ltd,29AAWCS7485C1ZJ,"Survey No.73, 20000sq.ft, Harokyathanahalli, Dasanapura Hobli,, Bengaluru",Bengaluru,Bengaluru,Karnataka,562123,100,Road,,,,,KA01D5209,Regular,,,38089400,59,Units," 3,352.85 ", 9.00 , 301.77 , 9.00 , 301.77 ,,,0,0,,,,," 1,80,338.49 ",SourcingBee Retail Pvt Ltd,"Survey No.73, 20000sq.ft, Harokyathanahalli, Dasanapura Hobli,, Bengaluru",,Bengaluru,562123,29-Karnataka,SourcingBee Retail Pvt Ltd,"Survey.87/1,87/2,88/1,88/2,88/3,89/1,122, FC-Vikrant, Byranhalli,Village Kasaba, Hobli, Nelamangala",,,562123,29-Karnataka,,,,,Stock Transfer
Outward,Others,Challan,,SBDC290079,18/06/25,29AAWCS7485C1ZJ,SourcingBee Retail Pvt Ltd,"Survey.87/1,87/2,88/1,88/2,88/3,89/1,122, FC-Vikrant, Byranhalli,Village Kasaba, Hobli, Nelamangala",Karnataka,,562123,Karnataka,SourcingBee Retail Pvt Ltd,29AAWCS7485C1ZJ,"Survey No.73, 20000sq.ft, Harokyathanahalli, Dasanapura Hobli,, Bengaluru",Bengaluru,Bengaluru,Karnataka,562123,100,Road,,,,,KA01D5209,Regular,,,392310,2,Units, 281.64 , 9.00 , 25.34 , 9.00 , 25.34 ,,,0,0,,,,," 1,80,338.49 ",SourcingBee Retail Pvt Ltd,"Survey No.73, 20000sq.ft, Harokyathanahalli, Dasanapura Hobli,, Bengaluru",,Bengaluru,562123,29-Karnataka,SourcingBee Retail Pvt Ltd,"Survey.87/1,87/2,88/1,88/2,88/3,89/1,122, FC-Vikrant, Byranhalli,Village Kasaba, Hobli, Nelamangala",,,562123,29-Karnataka,,,,,Stock Transfer
Outward,Others,Challan,,SBDC290079,18/06/25,29AAWCS7485C1ZJ,SourcingBee Retail Pvt Ltd,"Survey.87/1,87/2,88/1,88/2,88/3,89/1,122, FC-Vikrant, Byranhalli,Village Kasaba, Hobli, Nelamangala",Karnataka,,562123,Karnataka,SourcingBee Retail Pvt Ltd,29AAWCS7485C1ZJ,"Survey No.73, 20000sq.ft, Harokyathanahalli, Dasanapura Hobli,, Bengaluru",Bengaluru,Bengaluru,Karnataka,562123,100,Road,,,,,KA01D5209,Regular,,,48025610,1,Units, 313.29 , 6.00 , 18.80 , 6.00 , 18.80 ,,,0,0,,,,," 1,80,338.49 ",SourcingBee Retail Pvt Ltd,"Survey No.73, 20000sq.ft, Harokyathanahalli, Dasanapura Hobli,, Bengaluru",,Bengaluru,562123,29-Karnataka,SourcingBee Retail Pvt Ltd,"Survey.87/1,87/2,88/1,88/2,88/3,89/1,122, FC-Vikrant, Byranhalli,Village Kasaba, Hobli, Nelamangala",,,562123,29-Karnataka,,,,,Stock Transfer
Outward,Others,Challan,,SBDC290079,18/06/25,29AAWCS7485C1ZJ,SourcingBee Retail Pvt Ltd,"Survey.87/1,87/2,88/1,88/2,88/3,89/1,122, FC-Vikrant, Byranhalli,Village Kasaba, Hobli, Nelamangala",Karnataka,,562123,Karnataka,SourcingBee Retail Pvt Ltd,29AAWCS7485C1ZJ,"Survey No.73, 20000sq.ft, Harokyathanahalli, Dasanapura Hobli,, Bengaluru",Bengaluru,Bengaluru,Karnataka,562123,100,Road,,,,,KA01D5209,Regular,,,482010,3,Units, 110.60 , 6.00 , 6.64 , 6.00 , 6.64 ,,,0,0,,,,," 1,80,338.49 ",SourcingBee Retail Pvt Ltd,"Survey No.73, 20000sq.ft, Harokyathanahalli, Dasanapura Hobli,, Bengaluru",,Bengaluru,562123,29-Karnataka,SourcingBee Retail Pvt Ltd,"Survey.87/1,87/2,88/1,88/2,88/3,89/1,122, FC-Vikrant, Byranhalli,Village Kasaba, Hobli, Nelamangala",,,562123,29-Karnataka,,,,,Stock Transfer
Outward,Others,Challan,,SBDC290079,18/06/25,29AAWCS7485C1ZJ,SourcingBee Retail Pvt Ltd,"Survey.87/1,87/2,88/1,88/2,88/3,89/1,122, FC-Vikrant, Byranhalli,Village Kasaba, Hobli, Nelamangala",Karnataka,,562123,Karnataka,SourcingBee Retail Pvt Ltd,29AAWCS7485C1ZJ,"Survey No.73, 20000sq.ft, Harokyathanahalli, Dasanapura Hobli,, Bengaluru",Bengaluru,Bengaluru,Karnataka,562123,100,Road,,,,,KA01D5209,Regular,,,48202000,20,Units, 827.82 , 6.00 , 49.67 , 6.00 , 49.67 ,,,0,0,,,,," 1,80,338.49 ",SourcingBee Retail Pvt Ltd,"Survey No.73, 20000sq.ft, Harokyathanahalli, Dasanapura Hobli,, Bengaluru",,Bengaluru,562123,29-Karnataka,SourcingBee Retail Pvt Ltd,"Survey.87/1,87/2,88/1,88/2,88/3,89/1,122, FC-Vikrant, Byranhalli,Village Kasaba, Hobli, Nelamangala",,,562123,29-Karnataka,,,,,Stock Transfer
Outward,Others,Challan,,SBDC290079,18/06/25,29AAWCS7485C1ZJ,SourcingBee Retail Pvt Ltd,"Survey.87/1,87/2,88/1,88/2,88/3,89/1,122, FC-Vikrant, Byranhalli,Village Kasaba, Hobli, Nelamangala",Karnataka,,562123,Karnataka,SourcingBee Retail Pvt Ltd,29AAWCS7485C1ZJ,"Survey No.73, 20000sq.ft, Harokyathanahalli, Dasanapura Hobli,, Bengaluru",Bengaluru,Bengaluru,Karnataka,562123,100,Road,,,,,KA01D5209,Regular,,,48236000,1,Units, 110.17 , 9.00 , 9.92 , 9.00 , 9.92 ,,,0,0,,,,," 1,80,338.49 ",SourcingBee Retail Pvt Ltd,"Survey No.73, 20000sq.ft, Harokyathanahalli, Dasanapura Hobli,, Bengaluru",,Bengaluru,562123,29-Karnataka,SourcingBee Retail Pvt Ltd,"Survey.87/1,87/2,88/1,88/2,88/3,89/1,122, FC-Vikrant, Byranhalli,Village Kasaba, Hobli, Nelamangala",,,562123,29-Karnataka,,,,,Stock Transfer
Outward,Others,Challan,,SBDC290079,18/06/25,29AAWCS7485C1ZJ,SourcingBee Retail Pvt Ltd,"Survey.87/1,87/2,88/1,88/2,88/3,89/1,122, FC-Vikrant, Byranhalli,Village Kasaba, Hobli, Nelamangala",Karnataka,,562123,Karnataka,SourcingBee Retail Pvt Ltd,29AAWCS7485C1ZJ,"Survey No.73, 20000sq.ft, Harokyathanahalli, Dasanapura Hobli,, Bengaluru",Bengaluru,Bengaluru,Karnataka,562123,100,Road,,,,,KA01D5209,Regular,,,82141010,1,Units, 54.07 , 9.00 , 4.87 , 9.00 , 4.87 ,,,0,0,,,,," 1,80,338.49 ",SourcingBee Retail Pvt Ltd,"Survey No.73, 20000sq.ft, Harokyathanahalli, Dasanapura Hobli,, Bengaluru",,Bengaluru,562123,29-Karnataka,SourcingBee Retail Pvt Ltd,"Survey.87/1,87/2,88/1,88/2,88/3,89/1,122, FC-Vikrant, Byranhalli,Village Kasaba, Hobli, Nelamangala",,,562123,29-Karnataka,,,,,Stock Transfer
Outward,Others,Challan,,SBDC290079,18/06/25,29AAWCS7485C1ZJ,SourcingBee Retail Pvt Ltd,"Survey.87/1,87/2,88/1,88/2,88/3,89/1,122, FC-Vikrant, Byranhalli,Village Kasaba, Hobli, Nelamangala",Karnataka,,562123,Karnataka,SourcingBee Retail Pvt Ltd,29AAWCS7485C1ZJ,"Survey No.73, 20000sq.ft, Harokyathanahalli, Dasanapura Hobli,, Bengaluru",Bengaluru,Bengaluru,Karnataka,562123,100,Road,,,,,KA01D5209,Regular,,,85061000,37,Units," 4,140.92 ", 9.00 , 372.68 , 9.00 , 372.68 ,,,0,0,,,,," 1,80,338.49 ",SourcingBee Retail Pvt Ltd,"Survey No.73, 20000sq.ft, Harokyathanahalli, Dasanapura Hobli,, Bengaluru",,Bengaluru,562123,29-Karnataka,SourcingBee Retail Pvt Ltd,"Survey.87/1,87/2,88/1,88/2,88/3,89/1,122, FC-Vikrant, Byranhalli,Village Kasaba, Hobli, Nelamangala",,,562123,29-Karnataka,,,,,Stock Transfer
Outward,Others,Challan,,SBDC290079,18/06/25,29AAWCS7485C1ZJ,SourcingBee Retail Pvt Ltd,"Survey.87/1,87/2,88/1,88/2,88/3,89/1,122, FC-Vikrant, Byranhalli,Village Kasaba, Hobli, Nelamangala",Karnataka,,562123,Karnataka,SourcingBee Retail Pvt Ltd,29AAWCS7485C1ZJ,"Survey No.73, 20000sq.ft, Harokyathanahalli, Dasanapura Hobli,, Bengaluru",Bengaluru,Bengaluru,Karnataka,562123,100,Road,,,,,KA01D5209,Regular,,,909301,1,Units, 285.40 , 2.50 , 7.14 , 2.50 , 7.14 ,,,0,0,,,,," 1,80,338.49 ",SourcingBee Retail Pvt Ltd,"Survey No.73, 20000sq.ft, Harokyathanahalli, Dasanapura Hobli,, Bengaluru",,Bengaluru,562123,29-Karnataka,SourcingBee Retail Pvt Ltd,"Survey.87/1,87/2,88/1,88/2,88/3,89/1,122, FC-Vikrant, Byranhalli,Village Kasaba, Hobli, Nelamangala",,,562123,29-Karnataka,,,,,Stock Transfer
Outward,Others,Challan,,SBDC290079,18/06/25,29AAWCS7485C1ZJ,SourcingBee Retail Pvt Ltd,"Survey.87/1,87/2,88/1,88/2,88/3,89/1,122, FC-Vikrant, Byranhalli,Village Kasaba, Hobli, Nelamangala",Karnataka,,562123,Karnataka,SourcingBee Retail Pvt Ltd,29AAWCS7485C1ZJ,"Survey No.73, 20000sq.ft, Harokyathanahalli, Dasanapura Hobli,, Bengaluru",Bengaluru,Bengaluru,Karnataka,562123,100,Road,,,,,KA01D5209,Regular,,,96032100,12,Units, 169.83 , 9.00 , 15.28 , 9.00 , 15.28 ,,,0,0,,,,," 1,80,338.49 ",SourcingBee Retail Pvt Ltd,"Survey No.73, 20000sq.ft, Harokyathanahalli, Dasanapura Hobli,, Bengaluru",,Bengaluru,562123,29-Karnataka,SourcingBee Retail Pvt Ltd,"Survey.87/1,87/2,88/1,88/2,88/3,89/1,122, FC-Vikrant, Byranhalli,Village Kasaba, Hobli, Nelamangala",,,562123,29-Karnataka,,,,,Stock Transfer
Outward,Others,Challan,,SBDC290079,18/06/25,29AAWCS7485C1ZJ,SourcingBee Retail Pvt Ltd,"Survey.87/1,87/2,88/1,88/2,88/3,89/1,122, FC-Vikrant, Byranhalli,Village Kasaba, Hobli, Nelamangala",Karnataka,,562123,Karnataka,SourcingBee Retail Pvt Ltd,29AAWCS7485C1ZJ,"Survey No.73, 20000sq.ft, Harokyathanahalli, Dasanapura Hobli,, Bengaluru",Bengaluru,Bengaluru,Karnataka,562123,100,Road,,,,,KA01D5209,Regular,,,96081011,2,Units, 30.86 , 9.00 , 2.78 , 9.00 , 2.78 ,,,0,0,,,,," 1,80,338.49 ",SourcingBee Retail Pvt Ltd,"Survey No.73, 20000sq.ft, Harokyathanahalli, Dasanapura Hobli,, Bengaluru",,Bengaluru,562123,29-Karnataka,SourcingBee Retail Pvt Ltd,"Survey.87/1,87/2,88/1,88/2,88/3,89/1,122, FC-Vikrant, Byranhalli,Village Kasaba, Hobli, Nelamangala",,,562123,29-Karnataka,,,,,Stock Transfer
Outward,Others,Challan,,SBDC290079,18/06/25,29AAWCS7485C1ZJ,SourcingBee Retail Pvt Ltd,"Survey.87/1,87/2,88/1,88/2,88/3,89/1,122, FC-Vikrant, Byranhalli,Village Kasaba, Hobli, Nelamangala",Karnataka,,562123,Karnataka,SourcingBee Retail Pvt Ltd,29AAWCS7485C1ZJ,"Survey No.73, 20000sq.ft, Harokyathanahalli, Dasanapura Hobli,, Bengaluru",Bengaluru,Bengaluru,Karnataka,562123,100,Road,,,,,KA01D5209,Regular,,,96081019,21,Units," 1,240.67 ", 9.00 , 111.66 , 9.00 , 111.66 ,,,0,0,,,,," 1,80,338.49 ",SourcingBee Retail Pvt Ltd,"Survey No.73, 20000sq.ft, Harokyathanahalli, Dasanapura Hobli,, Bengaluru",,Bengaluru,562123,29-Karnataka,SourcingBee Retail Pvt Ltd,"Survey.87/1,87/2,88/1,88/2,88/3,89/1,122, FC-Vikrant, Byranhalli,Village Kasaba, Hobli, Nelamangala",,,562123,29-Karnataka,,,,,Stock Transfer
Outward,Others,Challan,,SBDC290079,18/06/25,29AAWCS7485C1ZJ,SourcingBee Retail Pvt Ltd,"Survey.87/1,87/2,88/1,88/2,88/3,89/1,122, FC-Vikrant, Byranhalli,Village Kasaba, Hobli, Nelamangala",Karnataka,,562123,Karnataka,SourcingBee Retail Pvt Ltd,29AAWCS7485C1ZJ,"Survey No.73, 20000sq.ft, Harokyathanahalli, Dasanapura Hobli,, Bengaluru",Bengaluru,Bengaluru,Karnataka,562123,100,Road,,,,,KA01D5209,Regular,,,96081092,4,Units, 254.51 , 9.00 , 22.91 , 9.00 , 22.91 ,,,0,0,,,,," 1,80,338.49 ",SourcingBee Retail Pvt Ltd,"Survey No.73, 20000sq.ft, Harokyathanahalli, Dasanapura Hobli,, Bengaluru",,Bengaluru,562123,29-Karnataka,SourcingBee Retail Pvt Ltd,"Survey.87/1,87/2,88/1,88/2,88/3,89/1,122, FC-Vikrant, Byranhalli,Village Kasaba, Hobli, Nelamangala",,,562123,29-Karnataka,,,,,Stock Transfer
Outward,Others,Challan,,SBDC290079,18/06/25,29AAWCS7485C1ZJ,SourcingBee Retail Pvt Ltd,"Survey.87/1,87/2,88/1,88/2,88/3,89/1,122, FC-Vikrant, Byranhalli,Village Kasaba, Hobli, Nelamangala",Karnataka,,562123,Karnataka,SourcingBee Retail Pvt Ltd,29AAWCS7485C1ZJ,"Survey No.73, 20000sq.ft, Harokyathanahalli, Dasanapura Hobli,, Bengaluru",Bengaluru,Bengaluru,Karnataka,562123,100,Road,,,,,KA01D5209,Regular,,,96082000,4,Units, 117.05 , 9.00 , 10.53 , 9.00 , 10.53 ,,,0,0,,,,," 1,80,338.49 ",SourcingBee Retail Pvt Ltd,"Survey No.73, 20000sq.ft, Harokyathanahalli, Dasanapura Hobli,, Bengaluru",,Bengaluru,562123,29-Karnataka,SourcingBee Retail Pvt Ltd,"Survey.87/1,87/2,88/1,88/2,88/3,89/1,122, FC-Vikrant, Byranhalli,Village Kasaba, Hobli, Nelamangala",,,562123,29-Karnataka,,,,,Stock Transfer
Outward,Others,Challan,,SBDC290079,18/06/25,29AAWCS7485C1ZJ,SourcingBee Retail Pvt Ltd,"Survey.87/1,87/2,88/1,88/2,88/3,89/1,122, FC-Vikrant, Byranhalli,Village Kasaba, Hobli, Nelamangala",Karnataka,,562123,Karnataka,SourcingBee Retail Pvt Ltd,29AAWCS7485C1ZJ,"Survey No.73, 20000sq.ft, Harokyathanahalli, Dasanapura Hobli,, Bengaluru",Bengaluru,Bengaluru,Karnataka,562123,100,Road,,,,,KA01D5209,Regular,,,96190090,12,Units, 349.07 , 6.00 , 20.95 , 6.00 , 20.95 ,,,0,0,,,,," 1,80,338.49 ",SourcingBee Retail Pvt Ltd,"Survey No.73, 20000sq.ft, Harokyathanahalli, Dasanapura Hobli,, Bengaluru",,Bengaluru,562123,29-Karnataka,SourcingBee Retail Pvt Ltd,"Survey.87/1,87/2,88/1,88/2,88/3,89/1,122, FC-Vikrant, Byranhalli,Village Kasaba, Hobli, Nelamangala",,,562123,29-Karnataka,,,,,Stock Transfer